"ModId","Name","Version","FileVersion","Jar","AllModIds","SHA256","MetadataPath","MetadataSource","Confidence","Namespaces"
"addonslib","AddonsLib","1.21.1-1.14","1.14","addonslib-neoforge-1.21.1-1.14.jar","addonslib","788323E3A19258A073112F3B89161D51F3F9E283EEE8D662A8C61C428FEA8639","META-INF/neoforge.mods.toml","NeoForge/Forge TOML","HIGH","addonslib;neoforge"
"advanced_ae","Advanced AE","1.6.12-1.21.1","1.6.12","AdvancedAE-1.6.12-1.21.1.jar","advanced_ae","A01D9718667AC13899013E91C5B0B7708B9B9DB1DA9B8E380772DDE54BBE8F41","META-INF/neoforge.mods.toml","NeoForge/Forge TOML","HIGH","advanced_ae;ae2;c;curios;minecraft"
"advanced_memory_card","Advanced Memory Card","1.0.2.1-1.21.1","1.0.2.1","advanced_memory_card-1.0.2.1-1.21.1.jar","advanced_memory_card","A6510F3F2D0F6F6141B1D12923516D7CA49EEEC27E9CE320068659D2EC8CBB03","META-INF/neoforge.mods.toml","NeoForge/Forge TOML","HIGH","advanced_memory_card;ae2"
"ae2","Applied Energistics 2","19.2.17","19.2.17","appliedenergistics2-19.2.17.jar","ae2","460D779A0609B81409907D9956DE8F6F70A1B0912257E3E5C3C7E75AC9630E95","META-INF/neoforge.mods.toml","NeoForge/Forge TOML","HIGH","ae2;c;curios;minecraft;neoforge"
"ae2_mega_things","AE2 MEGA Things","2.0.4","2.0.4","AE2MEGAThings-1.21.1-2.0.4.jar","ae2_mega_things","97537207B4C68A417A15B5A029F82E55510E0FCAA22BE3C97B199BF2C7C5F7B9","META-INF/neoforge.mods.toml","NeoForge/Forge TOML","HIGH","ae2_mega_things"
"ae2ct","AE2:Crafting Tree","1.21.1-1.1.1","1.1.1","ae2ct-1.21.1-1.1.1.jar","ae2ct","70A704742CF8BC13778A201A2338D0F4108DC0700BCA47ED265ABA02180F6777","META-INF/neoforge.mods.toml","NeoForge/Forge TOML","HIGH","ae2;ae2ct"
"ae2driveterminal","AE2 Drive Terminal","1.1.1","1.1.1","ae2driveterminal-1.21.1-neoforge-1.1.1.jar","ae2driveterminal","4C48CA16BC20E6963118FE2B511C52D57B982AA8D60717320FDF56155135922D","META-INF/neoforge.mods.toml","NeoForge/Forge TOML","HIGH","ae2driveterminal;examplemod"
"ae2importexportcard","AE2 Import Export Card","1.21.1-1.5.0","1.5.0","ae2importexportcard-1.21.1-1.5.0.jar","ae2importexportcard","63C59264947C2B386F5576971CD5C2FEE0EFD9EEC6DA7FB2992EF38117DC35BD","META-INF/neoforge.mods.toml","NeoForge/Forge TOML","HIGH","ae2;ae2importexportcard"
"ae2jeiintegration","AE2 JEI Integration","1.2.1","1.2.1","ae2jeiintegration-1.2.1.jar","ae2jeiintegration","2989C5D762D3F14A58B4DB6519DAAFF81E719DFF3445A2B39328948AC23E548B","META-INF/neoforge.mods.toml","NeoForge/Forge TOML","HIGH",""
"ae2qolrecipes","AE2 QoL Recipes","1.3.0","1.3.0","ae2qolrecipes-neoforge-1.21.x-1.3.0.jar","ae2qolrecipes","9AEDB9090A19D4B15C258AE13A680117980D344927B223C53F8670DFB2D1FA6F","META-INF/neoforge.mods.toml","NeoForge/Forge TOML","HIGH","ae2;ae2qolrecipes;c"
"ae2things","AE2 Things","1.4.2-beta","1.4.2-beta","AE2-Things-1.4.2-beta.jar","ae2things","9725DD363CC874601737B417DDFE675E4A5AE4A6428BDEB67AC408F775EB4241","META-INF/neoforge.mods.toml","NeoForge/Forge TOML","HIGH","ae2things"
"ae2wtlib","AE2WTLib","19.5.1","19.5.1","ae2wtlib-19.5.1.jar","ae2wtlib","407E7300351353CB4CB7698286E180AEF2BD6E7A97EC7EFC6493F9DAA4DBFFE5","META-INF/neoforge.mods.toml","NeoForge/Forge TOML","HIGH","ae2;ae2wtlib;curios"
"aeinfinitybooster","AEInfinityBooster","1.21.1-1.0.0.58","1.0.0.58","aeinfinitybooster-neoforge-1.21.1-1.0.0.58.jar","aeinfinitybooster","4B5140CD5AC4A7BC3CD99C339885614978BFA675EB320F4A4A39491E40AF4BCA","META-INF/neoforge.mods.toml","NeoForge/Forge TOML","HIGH","aeinfinitybooster"
"aether","The Aether","1.5.10","1.5.10","aether-1.21.1-1.5.10-neoforge.jar","aether","B19386301560A017A458E9790A7B59999E270F93010DEF0B61E7CBE4C8630DBF","META-INF/neoforge.mods.toml","NeoForge/Forge TOML","HIGH","aether;c;jeed;minecraft;neoforge;randomium;supplementaries"
"aether_beyond_parity","Beyond Parity","1.0.0","1.0.0","aether_beyond_parity-1.21.1-1.0.0-neoforge.jar","aether_beyond_parity","956BD5662094CEC351E40D1DF38B27330FB5D80A5F620086C3E5C727EB9DED84","META-INF/neoforge.mods.toml","NeoForge/Forge TOML","HIGH","aether;aether_beyond_parity;c;minecraft;neoforge"
"aether_emissivity","Emissivity","1.0.2","1.0.2","aether_emissivity-1.21.1-1.0.2-neoforge.jar","aether_emissivity","F3A7731388E75414D2E4A86F9FCF53741423B64776005C1353D78DA2E1CE1266","META-INF/neoforge.mods.toml","NeoForge/Forge TOML","HIGH","aether_emissivity"
"aether_enhanced_extinguishing","Enhanced Extinguishing","1.0.0","1.0.0","aether_enhanced_extinguishing-1.21.1-1.0.0-neoforge.jar","aether_enhanced_extinguishing","2C413F4338AEBB4341B0D3E83A6ACF9C3A5433BC2D2AF1B0467C008D8042761D","META-INF/neoforge.mods.toml","NeoForge/Forge TOML","HIGH","aether_enhanced_extinguishing;minecraft"
"aether_ores","Aether: Basic Ores","1.0.0","1.0.0","aether_ores-1.0.0-neoforge-1.21.1.jar","aether_ores","378252BA5341211B4263C7D01672A3C7C5AF0453995B9B2ACA94E6E394B726D0","META-INF/neoforge.mods.toml","NeoForge/Forge TOML","HIGH","aether_ores;c;minecraft"
"aether_treasure_reforging","Treasure Reforging","1.0.1","1.0.1","aether_treasure_reforging-1.21.1-1.0.1-neoforge.jar","aether_treasure_reforging","025ED8A3F22EC50E112E9A2D422F7D25394B313949F78CB535290345217C0533","META-INF/neoforge.mods.toml","NeoForge/Forge TOML","HIGH","aether;aether_treasure_reforging;c;minecraft;neoforge"
"aiimprovements","AI-Improvements","0.5.3","0.5.3","AI-Improvements-1.21-0.5.3.jar","aiimprovements","795618769FF1AC782750BE9E8FAAF3E3D212F1687C3BAAB98C1282A98A63A41E","META-INF/neoforge.mods.toml","NeoForge/Forge TOML","HIGH",""
"ali","AdvancedLootInfo","1.12.0","1.12.0","AdvancedLootInfo-neoforge-1.21.1-1.12.0.jar","ali","67B5E5CBF7AB780042B6AA86ADE5F14EAF006C810DAED66046BC5F85033E9714","META-INF/neoforge.mods.toml","NeoForge/Forge TOML","HIGH","ali;minecraft"
"alltheleaks","All The Leaks","1.1.11+1.21.1-neoforge","1.1.11","alltheleaks-1.1.11+1.21.1-neoforge.jar","alltheleaks","A5BF9BDB3A52B09B1521CDEE46735A6E2265438A5084284D037E0042306BD6BD","META-INF/neoforge.mods.toml","NeoForge/Forge TOML","HIGH",""
"alltheores","AllTheOres","3.2.0","3.2.0","alltheores-3.2.0_neoforge_1.21.1.jar","alltheores","7DE4018F8475874347BD8DC5B7551CAD80C31446DE8DAAE7C86AEE5480F9C80A","META-INF/neoforge.mods.toml","NeoForge/Forge TOML","HIGH","alltheores;c;mekanism;minecraft;neoforge"
"almanac","Almanac","1.5.2","1.5.2","Almanac-1.21.1-2-neoforge-1.5.2.jar","almanac","379893246C33AAA6DD8E4A8711E349CD6835E08C2BD5B8BD7B7E81BE9822AACB","META-INF/neoforge.mods.toml","NeoForge/Forge TOML","HIGH",""
"ambientsounds","AmbientSounds","6.3.8","v6.3.8","AmbientSounds_NEOFORGE_v6.3.8_mc1.21.1.jar","ambientsounds","07EE6FD24D8427EE079E2E376095B0AC92450B0153331F1575F8195E2C9CF90B","META-INF/neoforge.mods.toml","NeoForge/Forge TOML","HIGH","ambientsounds"
"amendments","Amendments","1.21-2.1.7","2.1.7","amendments-neoforge-1.21-2.1.7.jar","amendments","F2AB59FEDFBFA09B67C55271599C9E31A2B44CDCBCF60CC2EE70B69C2FE0CF84","META-INF/neoforge.mods.toml","NeoForge/Forge TOML","HIGH","amendments;apotheosis;create;lychee;minecraft;quark;supplementaries"
"antarchy","Antarchy","1.1.1+neoforge-1.21.1","1.1.1","antarchy-1.1.1+1.21.1-neoforge.jar","antarchy","93B4F479E1EA3A54DA7B9F527E48C5EED7EC8624B2F8329C3AC585E76DE41FAF","META-INF/neoforge.mods.toml","NeoForge/Forge TOML","HIGH","antarchy;c;integrated_api;minecraft"
"antarchy_ascension_companion","Antarchy - Ascension Companion","0.1.0","0.1.0","antarchy_ascension_companion-0.1.0.jar","antarchy_ascension_companion","842D792B55E84DDC3534C08A4EFE4DD2056C5528F599E0AC513FE69953FE98CA","META-INF/neoforge.mods.toml","NeoForge/Forge TOML","HIGH","antarchy_ascension_companion"
"anvilcore","AnvilCore","10.1","10.1","anvilcore-10.1 Release-neoforge-1.21.1.jar","anvilcore","8B4056202F36380B9223E3B40B09669A736B9D3F690C2299EE29EBB64074B676","META-INF/neoforge.mods.toml","NeoForge/Forge TOML","HIGH","anvilcore;minecraft"
"apotheosis","Apotheosis","8.7.0","8.7.0","Apotheosis-1.21.1-8.7.0.jar","apotheosis","7309165A2096F441A5B042836616B98EC260E2D8631E85774279DBAD3B1982B7","META-INF/neoforge.mods.toml","NeoForge/Forge TOML","HIGH","apotheosis;apothic_enchanting;apothic_spawners;curios;minecraft;neoforge"
"apothic_amendments__enchanting","Apothic Amendments - Enchanting","0.1.4","0.1.4","apothic_amendments__enchanting-NF1.21.1-0.1.4.jar","apothic_amendments__enchanting","ABC3A67E8429A53A2BF45D0AD910D17884DE852C4D8597265D686667F69BCA2E","META-INF/neoforge.mods.toml","NeoForge/Forge TOML","HIGH","apothic_amendments__enchanting"
"apothic_attributes","Apothic Attributes","2.10.1","2.10.1","ApothicAttributes-1.21.1-2.10.1.jar","apothic_attributes","484D52A58BA351D8E41775B351DAD80F39A5BB4ED415BCA67537A7F27DE901BA","META-INF/neoforge.mods.toml","NeoForge/Forge TOML","HIGH","apothic_attributes;minecraft;neoforge"
"apothic_compats","Apothic Compats","0.2.4.2","0.2.4.2","apothic_compats-0.2.4.2.jar","apothic_compats","A03CABE9638A810F214865D1C4AB22651895FB14A2B408BF6F49008AF8875930","META-INF/neoforge.mods.toml","NeoForge/Forge TOML","HIGH","ancientreforging;apotheosis;apothic_compats;curios"
"apothic_enchanting","Apothic Enchanting","1.6.0","1.6.0","ApothicEnchanting-1.21.1-1.6.0.jar","apothic_enchanting","1003B0358282CD8BBB509273821371B92AA3671910DE8ECCB2FBE8064EFB7180","META-INF/neoforge.mods.toml","NeoForge/Forge TOML","HIGH","apothic_enchanting;c;minecraft;neoforge"
"apothic_materials","Apothic Materials","1.0.0","1.0.0","apothic_materials-1.0.0-neoforge-1.21.1.jar","apothic_materials","A3A2679AC93F58A07886E3CF3DD929CFC36B1B203FC0730362E6E258F3807BF4","META-INF/neoforge.mods.toml","NeoForge/Forge TOML","HIGH","apothic_materials"
"apothic_spawners","Apothic Spawners","1.4.0","1.4.0","ApothicSpawners-1.21.1-1.4.0.jar","apothic_spawners","F0CBC52AD606997789C36FAC94AE651AB7E2E21C841E26A952C64041CAD9CDBE","META-INF/neoforge.mods.toml","NeoForge/Forge TOML","HIGH","apothic_spawners;minecraft"
"apothic_sups_enchanting","Apothic Supplementaries - Enchanting","0.1.0","0.1.0","apothic_sups_enchanting-0.1.0-neoforge-1.21.1.jar","apothic_sups_enchanting","ED6490FEAB447DEB5A1F03278236E144147CE40A6FE6EB50A9B9C795AFD0A5C8","META-INF/neoforge.mods.toml","NeoForge/Forge TOML","HIGH","apotheosis;apothic_sups_enchanting"
"apothiccombat","Apothic Combat","1.2.1","1.2.1","apothiccombat-1.2.1.jar","apothiccombat","6B3E34193896B6FEA997110C08023F23684AE782AD44E2A7928C274E57B4FFF1","META-INF/neoforge.mods.toml","NeoForge/Forge TOML","HIGH",""
"appflux","AppliedFlux","1.21-2.1.5-neoforge","2.1.5","AppliedFlux-1.21-2.1.5-neoforge.jar","appflux","57E6A2C0F38E660C9E8416F9081D8C515F5AD096D6793D7B7F039E8E210D245B","META-INF/neoforge.mods.toml","NeoForge/Forge TOML","HIGH","ae2;appflux;c;minecraft"
"appleskin","AppleSkin","3.0.9+mc1.21","3.0.9","appleskin-neoforge-mc1.21-3.0.9.jar","appleskin","38B48DD6231341C9F964CE6E42C57EC866C6CC8F72BEC938390A59BAFB3922DF","META-INF/neoforge.mods.toml","NeoForge/Forge TOML","HIGH","appleskin"
"applied_extended_crafting","Applied Extended Crafting","1.1.2","1.1.2","applied_extended_crafting-1.1.2.jar","applied_extended_crafting","1D97FA20115D89C06818A7E35B8C18961D61DBCD3E96534FFA868B06A95743A1","META-INF/neoforge.mods.toml","NeoForge/Forge TOML","HIGH","ae2;applied_extended_crafting;minecraft"
"appliedcooking","Applied Cooking","6.2.1","6.2.1","appliedcooking-6.2.1.jar","appliedcooking","360AB7BC398C32C270077E454AD1908A1DC6B10C87FFB7AE28A5F204560CC616","META-INF/neoforge.mods.toml","NeoForge/Forge TOML","HIGH","appliedcooking;minecraft"
"appliedcreate","Applied Create","1.1.7","1.1.7","appliedcreate-1.21.1-1.1.7.jar","appliedcreate","F62741487174C4B8454CBB96DB202B546C7D24657C45EB466745FF298A929B75","META-INF/neoforge.mods.toml","NeoForge/Forge TOML","HIGH","ae2;appliedcreate;minecraft"
"appliedpneumatics","Applied Pneumatics","1.0.8","1.0.8","appliedpneumatics-1.21.1-neoforge-1.0.8.jar","appliedpneumatics","41BF86CE6A05F36CA3D812981A8FA8DDBBA700C33968C5447D284D7827C304B4","META-INF/neoforge.mods.toml","NeoForge/Forge TOML","HIGH","ae2;appliedpneumatics;minecraft"
"appliedschematicannon","Applied Schematicannon","1.0.3","1.0.3","appliedschematicannon-1.0.3.jar","appliedschematicannon","AF76F6EF9BFECBAEDDCE63D38EE1222C7CDCA770E277DE90FCF91E329CDE5C0A","META-INF/neoforge.mods.toml","NeoForge/Forge TOML","HIGH","appliedschematicannon"
"appliedsoul","AppliedSoul","1.21.1-2.0.3","2.0.3","appliedsoul-1.21.1-2.0.3.jar","appliedsoul","377F29B31388E7A5D3AF6BD47175A19EE3C5EADFADA19A9FD1FBBBDFE8A6877B","META-INF/neoforge.mods.toml","NeoForge/Forge TOML","HIGH","ae2;appliedsoul;minecraft"
"appliedsticks","Applied Construction Sticks","1.2.1","1.2.1","appliedsticks-1.21.1-1.2.1.jar","appliedsticks","A51D9EC81DE049FB6EFDCFAFBEF1CC2D91667491910E65E0CB65B5E5B36BBC17","META-INF/neoforge.mods.toml","NeoForge/Forge TOML","HIGH","appliedsticks"
"appmek","Applied Mekanistics","1.6.3","1.6.3","Applied-Mekanistics-1.6.3.jar","appmek","8946FEA39451DBCE8E709DEDBEF40A52BA337BDF7A25AC0C4B503800B1BF0773","META-INF/neoforge.mods.toml","NeoForge/Forge TOML","HIGH","ae2;appmek"
"apprep","Applied Replicatics","21.1-1.1.0","21.1-1.1.0","Applied-Replicatics-21.1-1.1.0.jar","apprep","2F45B72626F47EE9B472EC60AAD1C8177F59372DF31314B0626B287052B73556","META-INF/neoforge.mods.toml","NeoForge/Forge TOML","HIGH","ae2;apprep;c;minecraft"
"aquaculture","Aquaculture 2","2.7.21","2.7.21","Aquaculture-1.21.1-2.7.21.jar","aquaculture","45F00F9059838B2FECC988861111D8B3D4613A5F1B3688A8DBFA8655751B85BB","META-INF/neoforge.mods.toml","NeoForge/Forge TOML","HIGH","aquaculture;c;emi;fishingreal;minecraft;neoforge;origins"
"aquaculturedelight","Aquaculture Delight","1.2.0","1.2.0","aquaculturedelight-1.2.0-neoforge-1.21.1.jar","aquaculturedelight","0A0565D1A3801B00801ECEC70DCB2C240E68BAE9A41FFD4FFA6D0365226B9875","META-INF/neoforge.mods.toml","NeoForge/Forge TOML","HIGH","aquaculturedelight;c;farmersdelight;minecraft"
"architectury","Architectury","13.0.11","13.0.11","architectury-13.0.11-neoforge.jar","architectury","9CC92F2C09533FC5482C60F993BD891C655A0E32B637037CDCB7C2B23ADEDEEB","META-INF/neoforge.mods.toml","NeoForge/Forge TOML","HIGH","architectury"
"ars_creo","Ars Creo","5.4.0","5.4.0","ars_creo-1.21.1-5.4.0.jar","ars_creo","50F0FE5C5F855151C1482C1772EA94C2EAADC2B0C85C963BB9AEB421FC801E4F","META-INF/neoforge.mods.toml","NeoForge/Forge TOML","HIGH","ars_creo;create;minecraft"
"ars_nouveau","Ars Nouveau","5.13.0","5.13.0","ars_nouveau-1.21.1-5.13.0.jar","ars_nouveau","90796DF69BFB39B1A9C79EDBFA01C2425E5B86AEA47DC55EBDCBF30E88F47592","META-INF/neoforge.mods.toml","NeoForge/Forge TOML","HIGH","ars_nouveau;c;carryon;curios;emi;malum;minecraft;neoforge;sable;sereneseasons"
"artifacts","Artifacts","13.2.1","13.2.1","artifacts-neoforge-13.2.1.jar","artifacts","4A8E1F4D5702937A707861E478829695E432286BCD9E58F5834D82C6D998EEA8","META-INF/neoforge.mods.toml","NeoForge/Forge TOML","HIGH","accessories;artifacts;c;curios;hardcorerevival;minecraft;neoforge;origins;trinkets"
"astryxions_miners_dream","Astryxion's Miner's Dream","1.0.0","v1.0.0","miners dream neoforge 1.21.1 v1.0.0.jar","astryxions_miners_dream","F39664735A0649C54B6E80C9268F622ED6915383251706D4C03576251BA7AE1B","META-INF/neoforge.mods.toml","NeoForge/Forge TOML","HIGH","astryxions_miners_dream;forge"
"asynclogger","Async Logger","2.2.2+1.21.1-neoforge","2.2.2","asynclogger-2.2.2+1.21.1-neoforge.jar","asynclogger","233D79DB772F54D0D01761B65D88E21342DBDAB6694504DF5121A1B0FE04B83A","META-INF/neoforge.mods.toml","NeoForge/Forge TOML","HIGH",""
"attributefix","AttributeFix","21.1.3","21.1.3","attributefix-neoforge-1.21.1-21.1.3.jar","attributefix","B2B20F3D44E824071284C14DE3F4D3323D420E1C450040B339A5C37D2C382AD4","META-INF/neoforge.mods.toml","NeoForge/Forge TOML","HIGH",""
"badoptimizations","BadOptimizations","2.4.1","2.4.1","BadOptimizations-2.4.1-1.21.1.jar","badoptimizations","22E2467892D3706F43D1CF2AA637785BB8601C20B0098A82AB956E6A8FC4D2BA","META-INF/neoforge.mods.toml","NeoForge/Forge TOML","HIGH","badoptimizations"
"baguettelib","BaguetteLib","2.0.3","2.0.3","baguettelib-1.21.1-NeoForge-2.0.3.jar","baguettelib","98ADDFB68B1E92D4F40EF37CDEA8F46217BF7188991CC7347A3FC510A410F1E5","META-INF/neoforge.mods.toml","NeoForge/Forge TOML","HIGH","baguettelib"
"balm","Balm","21.0.64","21.0.64","balm-neoforge-1.21.1-21.0.64.jar","balm","1BD122300943C75B359C7D0460DC715BEE69AAA5D21DDA713C03786BFD66B2B1","META-INF/neoforge.mods.toml","NeoForge/Forge TOML","HIGH","balm;c"
"bblroutersfacade","BBLRoutersFacade","1.0.4","1.0.4","bblroutersfacade-neoforge_1.21.1-1.0.4.jar","bblroutersfacade","C295E8ECC0D81EB1113BA5D65EB732FD6EC3BC188B4D6658DA01216A18B1DBE0","META-INF/neoforge.mods.toml","NeoForge/Forge TOML","HIGH","bblroutersfacade;c"
"bellsandwhistles","Create: Bells & Whistles","0.4.7-1.21.1","0.4.7","bellsandwhistles-0.4.7-1.21.1.jar","bellsandwhistles","A438CF2EA3A05120E12342484F1E12CA11526FBF4195D259CE1D7DF8A9B3FFCA","META-INF/neoforge.mods.toml","NeoForge/Forge TOML","HIGH","bellsandwhistles;minecraft"
"better_lib","Better lib","1.0.111","1.0.111","better_lib-neoforge-1.21.1-1.0.111.jar","better_lib","AA728BFD2CC2BA75800EA2523815DF0B70D5B3472731C8C3D5BF5F62F9A5C250","META-INF/neoforge.mods.toml","NeoForge/Forge TOML","HIGH","better_lib;minecraft"
"better_weaponry","Better Weaponry","1.1.3","1.1.3","better_weaponry-1.1.3-neoforge-1.21.1.jar","better_weaponry","DDCD05A85657A65A90419A0610E0260DC9650D03618EAE9BA82CB79FBE634F20","META-INF/neoforge.mods.toml","NeoForge/Forge TOML","HIGH","better_weaponry;forge;minecraft"
"betteradvancements","Better Advancements","0.4.3.21","0.4.3.21","BetterAdvancements-NeoForge-1.21.1-0.4.3.21.jar","betteradvancements","60B548BEF04A2F0E1DA686EE9035C2E3D4ED0459A17D7A4836FC26AF6DE6B60E","META-INF/neoforge.mods.toml","NeoForge/Forge TOML","HIGH","betteradvancements"
"betterblockentities","BBE","1.3.4-beta.3+mc1.21.1","1.3.4-beta.3","bbe-neoforge-1.3.4-beta.3+mc1.21.1.jar","betterblockentities","6D9D1AB66ABE5454BE80A8A6670984335F177C5FA7A5CE18E901D636768CEFD9","META-INF/neoforge.mods.toml","NeoForge/Forge TOML","HIGH","betterblockentities;minecraft"
"bettercaves","YUNG's Better Caves","1.21.1-NeoForge-3.1.4","3.1.4","YungsBetterCaves-1.21.1-NeoForge-3.1.4.jar","bettercaves","AA94AE3E7FDACB469459BF45BE60C35BEBFEBE0488A79E31C7686D746939701D","META-INF/neoforge.mods.toml","NeoForge/Forge TOML","HIGH","bettercaves;minecraft"
"bettercombat","Better Combat","2.4.0+1.21.1","2.4.0","bettercombat-neoforge-2.4.0+1.21.1.jar","bettercombat","0446E9FAA98B764BA010AC31E337D14AC96BBB2FBFEFF9B599E1EFD510DFDE5A","META-INF/neoforge.mods.toml","NeoForge/Forge TOML","HIGH","bettercombat;minecraft"
"betterdeserttemples","YUNG's Better Desert Temples","1.21.1-NeoForge-4.1.5","4.1.5","YungsBetterDesertTemples-1.21.1-NeoForge-4.1.5.jar","betterdeserttemples","2C3191AD447092CC7873A06E92F16BD3E2FF9DC31E93268B8893D06DD89E1FD6","META-INF/neoforge.mods.toml","NeoForge/Forge TOML","HIGH","betterdeserttemples"
"betterdungeons","YUNG's Better Dungeons","1.21.1-NeoForge-5.1.4","5.1.4","YungsBetterDungeons-1.21.1-NeoForge-5.1.4.jar","betterdungeons","61816C3B7C9D92C6B44F93DCE87CEB0A22827F20285D5D9C4D10D519D734DE04","META-INF/neoforge.mods.toml","NeoForge/Forge TOML","HIGH","betterdungeons;yungsapi"
"betterendisland","YUNG's Better End Island","1.21.1-NeoForge-3.1.2","3.1.2","YungsBetterEndIsland-1.21.1-NeoForge-3.1.2.jar","betterendisland","8005F1EA798D09FC05DAD07A21ED1F393A523A718197CDBD37B1CE6D9A17E4A4","META-INF/neoforge.mods.toml","NeoForge/Forge TOML","HIGH","betterendisland;minecraft"
"betterfortresses","YUNG's Better Nether Fortresses","1.21.1-NeoForge-3.1.5","3.1.5","YungsBetterNetherFortresses-1.21.1-NeoForge-3.1.5.jar","betterfortresses","5450A64A7036237F449496837E08F3E5B3AA1D7974A10DF43944172DEF75D8FF","META-INF/neoforge.mods.toml","NeoForge/Forge TOML","HIGH","betterfortresses;minecraft;morevillagers;yungsapi"
"betteritemvaults","Better Item Vaults","1.0.2","1.0.2","BetterItemVaults-main-1.0.2.jar","betteritemvaults","4BDEB53EEB2973204DCB763F6E5308FB9E448DC964E92984CC34FCD6BEE84AF4","META-INF/neoforge.mods.toml","NeoForge/Forge TOML","HIGH",""
"betterjungletemples","YUNG's Better Jungle Temples","1.21.1-NeoForge-3.1.2","3.1.2","YungsBetterJungleTemples-1.21.1-NeoForge-3.1.2.jar","betterjungletemples","A0D57B78C7A1891796F342B1F09C214BC27BEDF0A3A894F029DFDB2DB9F813D0","META-INF/neoforge.mods.toml","NeoForge/Forge TOML","HIGH","betterjungletemples;morevillagers;yungsapi"
"bettermineshafts","YUNG's Better Mineshafts","1.21.1-NeoForge-5.1.1","5.1.1","YungsBetterMineshafts-1.21.1-NeoForge-5.1.1.jar","bettermineshafts","5625930DFB3240820D6E4ECF55FFF0C39F70CE782FAD117A4D418251184C7BE0","META-INF/neoforge.mods.toml","NeoForge/Forge TOML","HIGH","bettermineshafts;minecraft;morevillagers"
"betteroceanmonuments","YUNG's Better Ocean Monuments","1.21.1-NeoForge-4.1.2","4.1.2","YungsBetterOceanMonuments-1.21.1-NeoForge-4.1.2.jar","betteroceanmonuments","CDCF8FE0E08C75261048D43C6ED4898972D23E096DD04A2524C136F06416AB02","META-INF/neoforge.mods.toml","NeoForge/Forge TOML","HIGH","betteroceanmonuments;minecraft;yungsapi"
"betterpingdisplay","Better Ping Display","1.1","1.1","BetterPingDisplay-1.21.1-1.1.jar","betterpingdisplay","F8388DE4831CA70F3E94D98D4655278B514F8589234FA92DF0D6B2FF1DFF321B","META-INF/neoforge.mods.toml","NeoForge/Forge TOML","HIGH",""
"betterwitchhuts","YUNG's Better Witch Huts","1.21.1-NeoForge-4.1.1","4.1.1","YungsBetterWitchHuts-1.21.1-NeoForge-4.1.1.jar","betterwitchhuts","888B1E6D1ADA21982A75ABFB4AFB040C9BC2CC68777EC5FCD1199B978E3D4F8D","META-INF/neoforge.mods.toml","NeoForge/Forge TOML","HIGH","betterwitchhuts;minecraft;morevillagers"
"bigreactors","Extreme Reactors","1.21.1-2.4.28","2.4.28","ExtremeReactors2-1.21.1-2.4.28.jar","bigreactors","74FDFDFC91C3C8E5A439D411E6F081D12193635FFFE2C55142F2F28F75B9D621","META-INF/neoforge.mods.toml","NeoForge/Forge TOML","HIGH","bigreactors;c;forge;minecraft;thermal"
"biomespy","BiomeSpy","1.3.3","1.3.3","biomespy-neoforge-1.21.1-1.3.3.jar","biomespy","2207CCFF37F0631EBFAF692CF5AED9304835298C34DF31C39B8558FD8C568ACB","META-INF/neoforge.mods.toml","NeoForge/Forge TOML","HIGH","biomespy"
"blueprint","Blueprint","8.1.1","8.1.1","blueprint-1.21.1-8.1.1.jar","blueprint","6A60D361D6AAF61273B65036958A646FF05D9ECB22FC706074A7E886E55EC190","META-INF/neoforge.mods.toml","NeoForge/Forge TOML","HIGH","blueprint;boatload;c;minecraft;neoforge;woodworks"
"bookshelf","Bookshelf","21.1.81","21.1.81","bookshelf-neoforge-1.21.1-21.1.81.jar","bookshelf","19E88D40DA2B6A114C2B808F7FB469D96E66A5379DF0A8A43FCB7834498B3E76","META-INF/neoforge.mods.toml","NeoForge/Forge TOML","HIGH","bookshelf"
"borderlesswindow","Borderless Window","1.5.1","1.5.1","borderlesswindow-1.5.1.jar","borderlesswindow","09F4A3325D56CE63A6D94B0795B0FB3111F1AED8D0F0ADB02311F36EDF21CF4B","META-INF/neoforge.mods.toml","NeoForge/Forge TOML","HIGH","borderlesswindow"
"boss_checklist","Boss Checklist","5.2.0","5.2.0","boss_checklist-neoforge-5.2.0.jar","boss_checklist","542EEC6749581804370A893EA1C38CA993B6FDF36A67A4621F762E10A01400B2","META-INF/neoforge.mods.toml","NeoForge/Forge TOML","HIGH","boss_checklist"
"botanymodtrees","BotanyModTrees","1.1.2","1.1.2","botanymodtrees-1.1.2-neoforge-1.21.1.jar","botanymodtrees","96A0D15CB261194717175587410E4AD3A14FAD57A13773F67434797BA3297009","META-INF/neoforge.mods.toml","NeoForge/Forge TOML","HIGH","botanymodtrees"
"botanypots","BotanyPots","21.1.44","21.1.44","botanypots-neoforge-1.21.1-21.1.44.jar","botanypots","45B23AC195511F724F62AB5F0C2D7A1C2C2403FF324A7403A1142E28A7D65EDD","META-INF/neoforge.mods.toml","NeoForge/Forge TOML","HIGH","botanypots;minecraft"
"botanypotsmystical","BotanyPots-Mystical","21.1.12","21.1.12","botanypotsmystical-neoforge-1.21.1-21.1.12.jar","botanypotsmystical","F7C67BB0FCE976B8DFDD1C07E499FBDC472E1E97305CA7AE5E57CCBA780F293E","META-INF/neoforge.mods.toml","NeoForge/Forge TOML","HIGH","botanypots;botanypotsmystical"
"botanypotstiers","BotanyPotsTiers","7.0.11","7.0.11","botanypotstiers-neoforge-1.21.1-7.0.11.jar","botanypotstiers","2B7E569B7F095D9C72653E9F37B06558AFE136FD6EF4AFE2C524A2927147AF35","META-INF/neoforge.mods.toml","NeoForge/Forge TOML","HIGH","botanypotstiers;minecraft"
"botanytrees","BotanyTrees","21.1.7","21.1.7","botanytrees-neoforge-1.21.1-21.1.7.jar","botanytrees","72060638703DA61E868D5D52674C580A58ED68CFC80A99697D360F8ED0092678","META-INF/neoforge.mods.toml","NeoForge/Forge TOML","HIGH","botanytrees"
"buildinggadgets2","Building Gadgets 2","1.3.9","1.3.9","buildinggadgets2-1.3.9.jar","buildinggadgets2","ACAE3B628FA60AE8D34059B40C696EA282C01D20B14D32A506C4F85DD357B114","META-INF/neoforge.mods.toml","NeoForge/Forge TOML","HIGH","buildinggadgets2;c;minecraft"
"buildinggadgets2gui","Building Gadgets 2 GUI","0.2.0-beta.1","0.2.0-beta.1","buildinggadgets2gui-0.2.0-beta.1.jar","buildinggadgets2gui","7BF2860E2790B3C937DB16F9FE298599748DB8D9A28A2C9EDCC97C5426462EB8","META-INF/neoforge.mods.toml","NeoForge/Forge TOML","HIGH","buildinggadgets2gui"
"buildinggadgetsextra","Building Gadgets Extra","0.0.3","0.0.3","building-gadgets-extra-neoforge-1.21.1-0.0.3.jar","buildinggadgetsextra","F210B2B7625382144D807DE50A98AF78C56B56B99D46637822CBA0322AE7B6BA","META-INF/neoforge.mods.toml","NeoForge/Forge TOML","HIGH","buildinggadgetsextra;minecraft"
"byepregen","ByePregen","1.0.10.2","1.0.10.2","byepregen-1.0.10.2.jar","byepregen","6D13ABA334B79E8059AEC206B73CD5231FEF441D663F3F503C7623F6AB178639","META-INF/neoforge.mods.toml","NeoForge/Forge TOML","HIGH",""
"caelus","Caelus API","7.0.1+1.21.1","7.0.1","caelus-neoforge-7.0.1+1.21.1.jar","caelus","432A645557F29DE159D9EDDE2FD109F8E3B32FF30895B4FEDE04EE5F1A1A682F","META-INF/neoforge.mods.toml","NeoForge/Forge TOML","HIGH","c;caelus"
"calmtheleaks","Calm The Leaks","1.2.3","1.2.3","calmtheleaks-1.2.3+1.21.1-neoforge.jar","calmtheleaks","D67CB248FBF546CBC75855CE1E7DC78333EE96E0CD7957743EA960F5230A0805","META-INF/neoforge.mods.toml","NeoForge/Forge TOML","HIGH","calmtheleaks"
"camol","Camol","1.21.1-0.3.1","0.3.1","camol-1.21.1-0.3.1.jar","camol","AAFDBE962A4BBAB97207F747EC52561EA34BE9C49A4B044A835DA82FF7D45609","META-INF/neoforge.mods.toml","NeoForge/Forge TOML","HIGH","camol"
"cataclysm","L_Ender's Cataclysm 1.21.1","3.32","3.32","L_Ender's Cataclysm 1.21.1-3.32.jar","cataclysm","679C8687281CDAC01E80DE1672F27DB1BAF6AD5C68C74D752806B9D5CE246AC3","META-INF/neoforge.mods.toml","NeoForge/Forge TOML","HIGH","alexscaves;c;cataclysm;curios;iceandfire;minecraft"
"cataclysm_compat","cataclysm compat","1.21.1-1.0.2","1.0.2","cataclysm_compat_1.21.1-1.0.2.jar","cataclysm_compat","467E4A03EF4891080506D4E1D8AA303E918F6488E8DCAD5CFCBF139AE11A12C2","pack.mcmeta","Pack Metadata + Filename","MEDIUM","cataclysm"
"cataclysmfortresses","Cataclysm x YUNG's Better Nether Fortresses Compat","1.21.1","1.21.1","cataclysmfortresses-1.21.1-NeoForge.jar","cataclysmfortresses","A6F4812A9735A55CB1BC2E669A1FA6DC016A162434ADA347514AEA9A4E39D840","META-INF/neoforge.mods.toml","NeoForge/Forge TOML","HIGH","cataclysm"
"cfm_wap","CFM Refurbished: Watt about Power?","1.2.0","1.2.0","cfm_wap-1.21.1-neoforge-1.2.0.jar","cfm_wap","CB9E0CD8D5A306A9A414F39AC6E9529CE180426E4149ECC3A9C1B42E064B5B2A","META-INF/neoforge.mods.toml","NeoForge/Forge TOML","HIGH","cfm_wap;minecraft;neoforge;refurbished_furniture"
"chancecubes","Chance Cubes","1.21.1-5.0.2.517","5.0.2.517","ChanceCubes-1.21.1-5.0.2.517.jar","chancecubes","A33BC7B64DC24CE16AEE1E0D4BDE1F67620D75CB55E777013E4217C77B28C840","META-INF/neoforge.mods.toml","NeoForge/Forge TOML","HIGH","chancecubes;minecraft"
"chefsdelight","Chefs Delight","1.0.5","1.0.5","chefsdelight-1.0.5-neoforge-1.21.1.jar","chefsdelight","9FD7920A4CCED00443C107C1AC05002B35543734C76E05EF1D1EBF5F17CE99C8","META-INF/neoforge.mods.toml","NeoForge/Forge TOML","HIGH","chefsdelight;minecraft"
"chunksending","chunksending mod","3.7","3.7","chunksending-1.21-3.7.jar","chunksending","A17CDC5DB59F797632E18CEBEA287ED9807B09E3D03E63229EC501B16BB18A74","META-INF/neoforge.mods.toml","NeoForge/Forge TOML","HIGH","modid"
"chunky","Chunky","1.4.23","1.4.23","Chunky-NeoForge-1.4.23.jar","chunky","D72F235CF1F56F2C374F52C00BDDA5034524B28142305A84CFC123A3F92AD274","META-INF/neoforge.mods.toml","NeoForge/Forge TOML","HIGH",""
"cloth_config","Cloth Config v15 API","15.0.140","15.0.140","cloth-config-15.0.140-neoforge.jar","cloth_config","65E722E0D98431A07C45F8BDD8D529A217CC8C175FDE1740248BD5C1B4F3C0D4","META-INF/neoforge.mods.toml","NeoForge/Forge TOML","HIGH","cloth-config2"
"clumps","Clumps","19.0.0.1","19.0.0.1","Clumps-neoforge-1.21.1-19.0.0.1.jar","clumps","B524CCDACE2EF8FD19F5B2074F7DE1103AC5065C52553F064C00E098346C293E","META-INF/neoforge.mods.toml","NeoForge/Forge TOML","HIGH",""
"codechickenlib","CodeChicken Lib","4.6.1.529","4.6.1.529","CodeChickenLib-1.21.1-4.6.1.529.jar","codechickenlib","8C453D5C49092860E9D7A692EB858EA54C15D0F9598DAAE524F9590F8EDF276F","META-INF/neoforge.mods.toml","NeoForge/Forge TOML","HIGH","c;codechickenlib"
"collapsible_groups","Collapsible Groups","1.4.3","1.4.3","collapsible_groups-neoforge-1.21.1-1.4.3.jar","collapsible_groups","0EF402D3AA0C7217BA6D58DC46746B257DB5F9D022DC740285FC6A116FBF32CC","META-INF/neoforge.mods.toml","NeoForge/Forge TOML","HIGH","collapsible_groups"
"collective","Collective","8.39","8.39","collective-1.21.1-8.39.jar","collective","AE59B63790C3097FB01E7801C21F3E7FEED13B151C2AD993895196C74381A8FE","META-INF/neoforge.mods.toml","NeoForge/Forge TOML","HIGH","collective"
"comforts","Comforts","9.0.5+1.21.1","9.0.5","comforts-neoforge-9.0.5+1.21.1.jar","comforts","6B0FD35A1349107E08A45539ADBDE9683BB203FEBC43A3305F6FC4AC73E59615","META-INF/neoforge.mods.toml","NeoForge/Forge TOML","HIGH","c;comforts;minecraft"
"commoncapabilities","CommonCapabilities","2.11.5","2.11.5","commoncapabilities-1.21.1-neoforge-2.11.5.jar","commoncapabilities","45D352AF870C63EC8E131F133D25602799B885EAFB38922A9B6B66DAEA152EBA","META-INF/neoforge.mods.toml","NeoForge/Forge TOML","HIGH","commoncapabilities"
"configured","Configured","2.6.3","2.6.3","configured-neoforge-1.21.1-2.6.3.jar","configured","421FFD2604B5487CBDB284D1EB5D1CB8A7D28F3FF84D5B4BDA25E0A579282A15","META-INF/neoforge.mods.toml","NeoForge/Forge TOML","HIGH","configured"
"configureddefaults","Configured Defaults","21.1.3","v21.1.3","ConfiguredDefaults-v21.1.3-1.21.1-NeoForge.jar","configureddefaults","48B97DADA951826B4ABF9B2DCAB79C0E701BB2980C5BCA4977BAC7CA0C264EA7","META-INF/neoforge.mods.toml","NeoForge/Forge TOML","HIGH",""
"connectivity","Connectivity Mod","7.6","7.6","connectivity-1.21.1-7.6.jar","connectivity","2366973DDAE5BA00B9BA15A26E5B610A6648038B9F2549BF81B9AE61342B281A","META-INF/neoforge.mods.toml","NeoForge/Forge TOML","HIGH",""
"constructionstick","Construction Sticks","1.4.2","1.4.2","ConstructionSticks-1.21.1-1.4.2.jar","constructionstick","8EB08EEA278E73DC3A011063F0C5A85E22714F916791FFD2A825B5036B24D6BB","META-INF/neoforge.mods.toml","NeoForge/Forge TOML","HIGH","constructionstick;emi"
"controlling","Controlling","19.0.5","19.0.5","Controlling-neoforge-1.21.1-19.0.5.jar","controlling","CC525FB6B030D9E4D33176983F278919E17B33935E2CA568929BDFA98F2B44A0","META-INF/neoforge.mods.toml","NeoForge/Forge TOML","HIGH","controlling"
"cookingforblockheads","Cooking for Blockheads","21.1.24","21.1.24","cookingforblockheads-neoforge-1.21.1-21.1.24.jar","cookingforblockheads","CCF2E9DE8130DEC5642F841E76C2A684822D867B7EB26855B0F1C6D4F31E8419","META-INF/neoforge.mods.toml","NeoForge/Forge TOML","HIGH","cookingforblockheads;create;inspirations;minecraft"
"copycats","Create: Copycats+","3.0.4+mc.1.21.1-neoforge","3.0.4","copycats-3.0.4+mc.1.21.1-neoforge.jar","copycats","8480E2A62EAA625F75776831C1D8A9EF3D77D2D816FA2E67566C6EC25BA745D1","META-INF/neoforge.mods.toml","NeoForge/Forge TOML","HIGH","c;copycats;create;diagonalfences;diagonalwalls;minecraft;quark"
"coroutil","CoroUtil","1.21.0-1.3.9","1.3.9","coroutil-neoforge-1.21.0-1.3.9.jar","coroutil","097434E256A428335CC4E9B718AD7BB9C6804C2C775AA3DD7149A6904ADCA2BC","META-INF/neoforge.mods.toml","NeoForge/Forge TOML","HIGH",""
"corpse","Corpse","1.21.1-1.1.13","1.1.13","corpse-neoforge-1.21.1-1.1.13.jar","corpse","F61E750EB2CB49867483D34D6630E02597A52E41680FC38D1C65ECE4EF36FD2B","META-INF/neoforge.mods.toml","NeoForge/Forge TOML","HIGH","corpse"
"corpsecurioscompat","Corpse Curios Compatibility","3.1.3","3.1.3","corpsecurioscompat-1.21.1-NeoForge-3.1.3.jar","corpsecurioscompat","43C1AC104381748439F92EA426207B86F93BC641F1D6CFEBC08BE4A563D91260","META-INF/neoforge.mods.toml","NeoForge/Forge TOML","HIGH",""
"cosmeticarmorreworked","CosmeticArmorReworked","1.21.1-v1-neoforge","v1","cosmeticarmorreworked-1.21.1-v1-neoforge.jar","cosmeticarmorreworked","6328049755735159C55F5918AC301CFF53A8D8790C3FE63E32E7D8A0E37F123F","META-INF/neoforge.mods.toml","NeoForge/Forge TOML","HIGH","cosmeticarmorreworked"
"cosmeticcorpsecompat","cosmeticcorpsecompat","1.0.0","1.0.0","cosmeticcorpsecompat-1.21.1-NeoForge--1.0.0.jar","cosmeticcorpsecompat","549C6B3447FBFAD2E99BD2A0CA034DC433E1FF5975AD505902998BDFCAB20F00","META-INF/neoforge.mods.toml","NeoForge/Forge TOML","HIGH","cosmeticcorpsecompat"
"crafting_on_a_stick","Crafting On A Stick","1.21.0.6","1.21.0.6","crafting_on_a_stick-1.21.0.6.jar","crafting_on_a_stick","DC90054BC50FCF4680E33E1515629E2C92508C04D5594AFD0EEB08777AD5C9B7","META-INF/neoforge.mods.toml","NeoForge/Forge TOML","HIGH","crafting_on_a_stick;curios"
"crash_assistant","Crash Assistant","1.11.12","1.11.12","CrashAssistant-neoforge-1.20.6-1.21.4-1.11.12.jar","crash_assistant","42F582333FFE61366E68A9320D3C205153F2FDC5B53AD715B01543F85828E6B0","META-INF/neoforge.mods.toml","NeoForge/Forge TOML","HIGH",""
"create","Create","6.0.10","6.0.10","create-1.21.1-6.0.10.jar","create","EF87FE5709F1BA1F5B8BB20A2925B5AFB4669E178FD6D8BF10C167759EEFE37A","META-INF/neoforge.mods.toml","NeoForge/Forge TOML","HIGH","c;create;curios;minecraft;neoforge;quark"
"create_aquatic_ambitions","Create Aquatic Ambitions","2.0.4","2.0.4","create_aquatic_ambitions-1.21.1-2.0.4.jar","create_aquatic_ambitions","D50180FD30DC7F034EA4AD5185D18CFA652457BE1D8E7A45F0B491D0E6642D44","META-INF/neoforge.mods.toml","NeoForge/Forge TOML","HIGH","c;create;create_aquatic_ambitions;forge;minecraft;neoforge"
"create_better_motors","Create: Better Motors","4.0.0","4.0.0","create_better_motors-4.0.0.jar","create_better_motors","D80322EDED19804762D97AF964DF27CB336CD839DAC4D0391649307B493A7585","META-INF/neoforge.mods.toml","NeoForge/Forge TOML","HIGH","c;create;create_better_motors;minecraft"
"create_central_kitchen","Create: Central Kitchen","2.6.0","2.6.0","create-central-kitchen-2.6.0.jar","create_central_kitchen","36DF9749CA8A994C3B52284554307B47B990A18E43DE347527726167614994CB","META-INF/neoforge.mods.toml","NeoForge/Forge TOML","HIGH","create;create_central_kitchen"
"create_connected","Create: Connected","1.3.2-mc1.21.1","1.3.2","create_connected-1.3.2-mc1.21.1.jar","create_connected","90BDCEAC63CB0EBD5E51351E22136182B996512EDEF937D0635D2857B0A3F24B","META-INF/neoforge.mods.toml","NeoForge/Forge TOML","HIGH","c;copycats;create;create_connected;create_dd;create_dragons_plus;create_more_catalysts;create_shimmer;createnetherindustry;createnuclear;diagonalfences;dndesires;forge;garnished;minecraft"
"create_dragons_plus","Create: Dragons Plus","1.11.7b","1.11.7b","CreateDragonsPlus-1.11.7b.jar","create_dragons_plus","BDAD8FAE41888D161B7EF59DED32D5EFCF3F80DD9F19FDDAAD38C24B139E6EE7","META-INF/neoforge.mods.toml","NeoForge/Forge TOML","HIGH","c;create;create_dragons_plus;minecraft;sable"
"create_enchantment_industry","Create: Enchantment Industry","2.4.2","2.4.2","create-enchantment-industry-2.4.2.jar","create_enchantment_industry","81F192BB53888E01F87A82EAAC2F261C93715F2221DBCF5D8A8D414F912F75EF","META-INF/neoforge.mods.toml","NeoForge/Forge TOML","HIGH","c;create;create_dragons_plus;create_enchantment_industry;minecraft;sable"
"create_mechanical_extruder","Create Mechanical Extruder","1.21.1-2.2.1-6.0.10","2.2.2-6.0.10","create_mechanical_extruder-1.21.1-2.2.2-6.0.10.jar","create_mechanical_extruder","D192D0E665DF0AF3A06F65FFE0ABAD49BEED802FDAFEBFCD8F4E9CF3B6B5C139","META-INF/neoforge.mods.toml","NeoForge/Forge TOML","HIGH","create_mechanical_extruder;minecraft"
"create_new_age","Create: New Age","1.2.0+mc1.21.1","1.2.0","create-new-age-1.2.0+neoforge-mc1.21.1.jar","create_new_age","A217EA21CCC8364E99D86777E519436BC7C94516DF9737AD0103047E48A44717","META-INF/neoforge.mods.toml","NeoForge/Forge TOML","HIGH","create_new_age;minecraft"
"create_optical","Create Optical Mod","0.4.2","0.4.2","create_optical-0.4.2.jar","create_optical","52D32C5362617C7B796EFBC1A588E4D844107252FE30C5645EB10741D5C090BD","META-INF/neoforge.mods.toml","NeoForge/Forge TOML","HIGH","create_optical;minecraft"
"create_pattern_schematics","Create: Pattern Schematics","2.0.10","2.0.10","create_pattern_schematics-2.0.10.jar","create_pattern_schematics","D6525B9AB9914A194CA5AA00E6605F5977D8AC28722CDCCCE018DA44F62BC5C5","META-INF/neoforge.mods.toml","NeoForge/Forge TOML","HIGH","create_pattern_schematics"
"create_sa","Create Stuff 'N Additions","2.1.4.","v2.1.4a","create-stuff-additions1.21.1_v2.1.4a.jar","create_sa","3E93A9930E49BC3F8AE5CF5E45F5E9065860EA708365F8ED4336289295B66893","META-INF/neoforge.mods.toml","NeoForge/Forge TOML","HIGH","create;create_sa;minecraft"
"create_sa_curios_jetpacks","Create SA Curios Jetpacks","1.2.22","1.2.4","create_sa_curios_jetpacks-neoforge-1.21.1-1.2.4.jar","create_sa_curios_jetpacks","61F6ECB6177D72E9D6A198AC1B8FD7C0227F061DF62D58A15E19E927020B57F2","META-INF/neoforge.mods.toml","NeoForge/Forge TOML","HIGH","create_sa_curios_jetpacks;curios"
"create_structures_arise","Create: Structures Arise","176.49.48","176.49.48","create_structures_arise-176.49.48 NeoForge 1.21.1.jar","create_structures_arise","1D871FE9071DA0CFAE8664876B2EFD6A7E9514EB94BB5BE2380B231C01901D05","META-INF/neoforge.mods.toml","NeoForge/Forge TOML","HIGH","create_structures_arise;minecraft;structures_arise"
"create_vibrant_vaults","Create: Vibrant Vaults","0.3.2","0.3.2","create_vibrant_vaults-0.3.2.jar","create_vibrant_vaults","CEBF5D1D1793FBFC2EE25B63D6F929910AD04FF72DA5C1A6987D33961708CFF1","META-INF/neoforge.mods.toml","NeoForge/Forge TOML","HIGH","create_vibrant_vaults;minecraft"
"createaddition","Create Crafts & Additions","1.6.0","1.6.0","createaddition-1.6.0.jar","createaddition","41876C3780B70365A1848994D146A73423CC19FBE86485885795D9E7D855E7E9","META-INF/neoforge.mods.toml","NeoForge/Forge TOML","HIGH","c;create;createaddition;farmersdelight;minecraft"
"createbetterfps","CreateBetterFps","1.1.4","1.1.4","createbetterfps-1.21.1-1.1.4.jar","createbetterfps","F0080F5CB186BF9F785DC5510BABAB94D97ADC7918952CFF780D2C5FADF2AC9A","META-INF/neoforge.mods.toml","NeoForge/Forge TOML","HIGH",""
"createcasing","Create Encased","1.9.0-ht3","1.9.0-ht3","Create Encased-1.21.1-1.9.0-ht3.jar","createcasing","E93BB110241AB8283C6238590EB04F1FB37199815623F53F3E981EE650F344A3","META-INF/neoforge.mods.toml","NeoForge/Forge TOML","HIGH","c;create;createcasing;minecraft"
"createdeco","Create Deco","2.1.3","2.1.3","createdeco-2.1.3.jar","createdeco","EDACF1AD0BD6B9F1667D711650DC0CDE604356D91CACA7CA1EC428C2F9400C6E","META-INF/neoforge.mods.toml","NeoForge/Forge TOML","HIGH","c;create;createdeco;minecraft;sable"
"createdieselgenerators","Create Diesel Generators","1.21.1-1.3.15","1.3.15","createdieselgenerators-1.21.1-1.3.15.jar","createdieselgenerators","56EF1D574278FC311F1FFA223DBD613077B899354A18D01AE8DCA2578A4E2990","META-INF/neoforge.mods.toml","NeoForge/Forge TOML","HIGH","c;create;createdieselgenerators;everycomp;farmersdelight;immersiveengineering;minecraft;quark"
"createenchantablemachinery","Create: Enchantable Machinery","3.6.0","3.6.0","createenchantablemachinery-3.6.0+mc1.21.1-neoforge.jar","createenchantablemachinery","933AD37B064D8C6005F1F6EB09B3274FE9F5961A6841FB9E7BB65A7BFF66F653","META-INF/neoforge.mods.toml","NeoForge/Forge TOML","HIGH","createenchantablemachinery;minecraft"
"createenderstorage","Create Ender Storage","1.1.1","1.1.1","createenderstorage-1.1.1.jar","createenderstorage","06D3E86F893058FA50A9F36C785ABD87542B8D58E3E84EFF9A88CED8243D0053","META-INF/neoforge.mods.toml","NeoForge/Forge TOML","HIGH","createenderstorage"
"createframed","Create: Framed","1.8.2","1.8.2","createframed-1.21.1-1.8.2.jar","createframed","A1F0434F5485DE5BA5683320EBCA7B71841488421A5249641AE357DBEEB35283","META-INF/neoforge.mods.toml","NeoForge/Forge TOML","HIGH","c;create;createframed;minecraft;quark"
"createornithopterglider","Create: Ornithopter Glider","1.2.0-1.21.1","1.2.0","createornithopterglider-1.2.0-1.21.1.jar","createornithopterglider","4EDD18F61E3A9ACCD81266ACA59787FFA37C7F3361DD01E1E92BE0E4AC978749","META-INF/neoforge.mods.toml","NeoForge/Forge TOML","HIGH","create;createornithopterglider;curios;minecraft"
"createstockbridge","Create Stock Bridge","0.2.0","0.2.0","createstockbridge-1.21.1-0.2.0.jar","createstockbridge","E1AC644064FB9276D4AA529C2C3FF67EC4EB0E87B06F27F4C7CFEB1F38A0A613","META-INF/neoforge.mods.toml","NeoForge/Forge TOML","HIGH","ae2;createstockbridge;minecraft"
"createtransmission","Create: Transmission","1.2.1+neoforge-create6-1.21.1","1.2.1+create6","createtransmission-1.2.1+neoforge-create6-1.21.1.jar","createtransmission","48B5DF187C629CB9CC8ABB82779EC767BCD4C045254BF5899B12357E1882AFB4","META-INF/neoforge.mods.toml","NeoForge/Forge TOML","HIGH","create;createtransmission;minecraft"
"createultimine","Create Ultimine","1.3.2","1.3.2","createultimine-1.21.1-neoforge-1.3.2.jar","createultimine","96FEB5F37DA16DD41E2F547576DA72941C664AA5BAE3A6618621404C783522FB","META-INF/neoforge.mods.toml","NeoForge/Forge TOML","HIGH","createultimine"
"createutilities","Create Utilities J","0.3.4+1.21.1","0.3.4","Create-Utilities-J-1.21.1-0.3.4+1.21.1.jar","createutilities","A1C1553C2E633531908C5E78C2047E3FB03C274C493E7E987C9897790D4EAED1","META-INF/neoforge.mods.toml","NeoForge/Forge TOML","HIGH","create;createutilities;minecraft"
"creativecore","CreativeCore","2.13.42","v2.13.42","CreativeCore_NEOFORGE_v2.13.42_mc1.21.1.jar","creativecore","1D95B2BF84548F111EE1E47FEAF919B82C712BBC706C86C8EADA74ABF8702F8F","META-INF/neoforge.mods.toml","NeoForge/Forge TOML","HIGH","creativecore"
"cucumber","Cucumber Library","8.0.16","8.0.16","Cucumber-1.21.1-8.0.16.jar","cucumber","371F9551C676B76A39D5580BE28F5CFEFF364E131AD138FBF7108AEB2712F43F","META-INF/neoforge.mods.toml","NeoForge/Forge TOML","HIGH","cucumber;minecraft"
"cupboard","Cupboard mod","4.0","4.0","cupboard-1.21.1-4.0.jar","cupboard","426CD295560DF4FCEAC7B410D864BD93AC200F8B77F9146AC430E92F36DAE761","META-INF/neoforge.mods.toml","NeoForge/Forge TOML","HIGH",""
"curios","Curios API","9.5.1+1.21.1","9.5.1","curios-neoforge-9.5.1+1.21.1.jar","curios","A45DF2125C26219974ABA7507FFC9AFE7B83ACC941A386AF3FAACB1CC0056FDE","META-INF/neoforge.mods.toml","NeoForge/Forge TOML","HIGH","curios;minecraft"
"cyclopscore","Cyclops Core","1.29.2","1.29.2","cyclopscore-1.21.1-neoforge-1.29.2.jar","cyclopscore","1D36AAA3D9ABB71D0151BB5EDD02F5580DFB020A229C63F6534A87A04D1CFAB6","META-INF/neoforge.mods.toml","NeoForge/Forge TOML","HIGH","cyclopscore"
"darkmodeeverywhere","Dark Mode Everywhere","1.21-1.3.5","1.3.5","darkmodeeverywhere-1.21-1.3.5.jar","darkmodeeverywhere","482B5B714BFE3EFC883C1E5F0234014C9C6DB50C8A6D512EE275C46C8382A174","META-INF/neoforge.mods.toml","NeoForge/Forge TOML","HIGH","darkmodeeverywhere"
"decocraft","Decocraft","3.0.11","3.0.11","decocraft-3.0.11-1.21.1-neoforge.jar","decocraft","B0589EB7D03B13BBF3B9C45DF7F50DB556A721882E9AD2BB6BE0FF23E5A64526","META-INF/neoforge.mods.toml","NeoForge/Forge TOML","HIGH","decocraft"
"decocraft_nature","Decocraft Nature","1.0.7","1.0.7","decocraft_nature-1.0.7-1.21.1-neoforge.jar","decocraft_nature","30D22526DCB23507F7289ADA84065F2A1757E40B375F2A3AC7163695D634F4DB","META-INF/neoforge.mods.toml","NeoForge/Forge TOML","HIGH","decocraft_nature"
"deep_aether","Deep Aether","1.21.1-1.1.5.1","1.1.5.1","deep_aether-1.21.1-1.1.5.1.jar","deep_aether","0F55AD970715BB933344E785B2C35A7354DFBA25FFD426C0B68921D08BBE0CE5","META-INF/neoforge.mods.toml","NeoForge/Forge TOML","HIGH","aether;aether_beyond_parity;c;curios;deep_aether;minecraft;neoforge"
"deimos","Deimos","2.7","2.7","deimos-1.21.1-neoforge-2.7.jar","deimos","EE35D4E8967CCB23DEE3C1A05B55C8D4AC0E0045BF8D324E215B397869AF0573","META-INF/neoforge.mods.toml","NeoForge/Forge TOML","HIGH",""
"dndecor","Design n' Decor","2.2b","2.2b","Design-n-Decor-1.21.1-2.2b.jar","dndecor","AF0264E8BA44B77744D9A6173B79FCC39758C5B975FBB377D4000E85BFCD2C8F","META-INF/neoforge.mods.toml","NeoForge/Forge TOML","HIGH","c;create;dndecor;minecraft;neoforge"
"dndesires","Create: Dreams n' Desires","2.3a-BETA","2.3a-BETA","DnDesires-1.21.1-2.3a-BETA.jar","dndesires","D3F7F2384E8327C81671F2D48DF15A0BBA98EF04B727A430079CFC9145A7A379","META-INF/neoforge.mods.toml","NeoForge/Forge TOML","HIGH","c;create;dndesires;minecraft;neoforge"
"dnt_ancient_city_overhaul","Dn T ancient city overhaul","2","v2","DnT-ancient-city-overhaul-v2 [NeoForge].jar","dnt_ancient_city_overhaul","890882EC1239FFF1CD5CC5F1DA1FE4BE98A31E748D418220BEE5F2B9F3D8FD91","pack.mcmeta","Pack Metadata + Filename","MEDIUM","minecraft;nova_structures"
"dummmmmmy","MmmMmmMmmMmm","1.21-2.1.0","2.1.0","dummmmmmy-neoforge-1.21-2.1.0.jar","dummmmmmy","0B9AEBAE5437545681AA9931223F987F6B8C3019DD0157EC0A1B6CEE227B46AF","META-INF/neoforge.mods.toml","NeoForge/Forge TOML","HIGH","dummmmmmy;minecraft"
"dungeons_arise","When Dungeons Arise","2.1.68","2.1.68","DungeonsArise-1.21.1-2.1.68-release.jar","dungeons_arise","7EEE1ECA7E3B2C6C1BEDE055934F391AE2E8349FFE33E106F451176D2CFCF0E4","META-INF/neoforge.mods.toml","NeoForge/Forge TOML","HIGH","dungeons_arise;minecraft"
"dungeons_arise_seven_seas","When Dungeons Arise: Seven Seas","1.0.4","1.0.4","DungeonsAriseSevenSeas-1.21.x-1.0.4-neoforge.jar","dungeons_arise_seven_seas","549040FBD81D1B33AEA38681109685E86D63985785246A831112C4BA5740D2DF","META-INF/neoforge.mods.toml","NeoForge/Forge TOML","HIGH","dungeons_arise_seven_seas"
"dynamic_fps","Dynamic FPS","3.11.4","3.11.4","dynamic-fps-3.11.4+minecraft-1.21.0-neoforge.jar","dynamic_fps","78CB67C9FAEFF5D1CB4DA48D41E48ECC47BADDAAEC0F792E6EDC8207AEE0AB8E","META-INF/neoforge.mods.toml","NeoForge/Forge TOML","HIGH","dynamic_fps"
"easy_piglins","Easy Piglins","1.21.1-1.0.14","1.0.14","easy-piglins-neoforge-1.21.1-1.0.14.jar","easy_piglins","64C300833A046BFECDB54E98206E807579CEFA12FA247F92DFBEB55E94D30C6D","META-INF/neoforge.mods.toml","NeoForge/Forge TOML","HIGH","easy_piglins;minecraft"
"easy_villagers","Easy Villagers","1.21.1-1.1.42","1.1.42","easy-villagers-neoforge-1.21.1-1.1.42.jar","easy_villagers","E093C86CE419FC1FAB1533BED5FA95B509B1F7240760C5AB628DE228B55C9D50","META-INF/neoforge.mods.toml","NeoForge/Forge TOML","HIGH","easy_villagers;minecraft"
"easyautocycler","Easy Auto Cycler","3.1.0","3.1.0","easyautocycler-neoforge-1.21.1-3.1.0.jar","easyautocycler","63FBDEC6B3640E936C8235ED5A565BFB7F493E8DCEBD5E230EA3C1099A0505B2","META-INF/neoforge.mods.toml","NeoForge/Forge TOML","HIGH","easyautocycler"
"easyelytratakeoff","Easy Elytra Takeoff","4.5","4.5","easyelytratakeoff-1.21.1-4.5.jar","easyelytratakeoff","0CB29579BAA1B148106C2523F678AA34278C523B6581F2DF0903E919918A996E","META-INF/neoforge.mods.toml","NeoForge/Forge TOML","HIGH",""
"ec_ars_plugin","Ars Expanded Combat","1.0.5","1.0.5","ec_ars_plugin-1.21.1-1.0.5.jar","ec_ars_plugin","2DFBFBC1542F79851A2001C0E6B2D9FCEC11910E840DA9CC29A87502C81C7002","META-INF/neoforge.mods.toml","NeoForge/Forge TOML","HIGH","ars_nouveau;curios;ec_ars_plugin;ec_es_plugin;expanded_combat;forge;minecraft"
"ec_isasb_plugin","EC Iron's Spells and Spellbooks Plugin","1.0.1","1.0.1","ec_isasb_plugin-1.21.1-1.0.1.jar","ec_isasb_plugin","F05F9948F32920A253F3B330B0C0A80EA7FCAC0D08CBEE73E0395C392F41788B","META-INF/neoforge.mods.toml","NeoForge/Forge TOML","HIGH","curios;ec_isasb_plugin;expanded_combat;minecraft"
"ec_lec_plugin","EC L_Ender's Cataclysm Plugin","2.0.4","2.0.4","ec_lec_plugin-1.21.1-2.0.4.jar","ec_lec_plugin","4547226863E74E2204B0F5045562B4A1ED04EEAA084DC98D1AE9F5446190A53A","META-INF/neoforge.mods.toml","NeoForge/Forge TOML","HIGH","curios;ec_lec_plugin;expanded_combat;forge;minecraft"
"ec_tf_plugin","EC Twilight Forest Plugin","1.1.4","1.1.4","ec_tf_plugin-1.21.1-1.1.4.jar","ec_tf_plugin","7BB16175B63AF7D505E2A64228FAEECDFD4B70F57D96AC08E80360C765B67FD1","META-INF/neoforge.mods.toml","NeoForge/Forge TOML","HIGH","curios;ec_tf_plugin;expanded_combat;forge;minecraft"
"enchdesc","EnchantmentDescriptions","21.1.10","21.1.10","enchdesc-neoforge-1.21.1-21.1.10.jar","enchdesc","9424C9AFF4EDF4D8730C931DF4253138AEAEE745EC839AF7078D292BB4EEAA16","META-INF/neoforge.mods.toml","NeoForge/Forge TOML","HIGH","enchdesc"
"enderstorage","EnderStorage","2.13.0.191","2.13.0.191","EnderStorage-1.21.1-2.13.0.191.jar","enderstorage","F52F23F9DF8925C7AEC26154C2F1816CC76422C67A4FA4E30FA8B80B7A854202","META-INF/neoforge.mods.toml","NeoForge/Forge TOML","HIGH","enderstorage;minecraft"
"endrem","End Remastered","6.3.0","6.3.0","endrem-neoforge-1.21.1-6.3.0.jar","endrem","666898B9CB494B9806BB05FDD03E948C0BB2E500EA8DA3922C2DD8A824D9DAFE","META-INF/neoforge.mods.toml","NeoForge/Forge TOML","HIGH","endrem;neoforge"
"entityculling","EntityCulling","1.10.5","1.10.5","entityculling-neoforge-1.10.5-mc1.21.1.jar","entityculling","2EACD2BADA39BF1D1EF695736646790C619C0E6CDEAF3D7E3CFC9139D26FAE02","META-INF/neoforge.mods.toml","NeoForge/Forge TOML","HIGH","entityculling"
"euphoria_patcher","Euphoria Patcher","1.9.3-r5.8.1-neoforge","1.9.3-r5.8.1","EuphoriaPatcher-1.9.3-r5.8.1-neoforge.jar","euphoria_patcher","9FF48C18CB5FD3425A6C15B16CE16656D6419FDB695E662D9A3CBE5604C40563","META-INF/neoforge.mods.toml","NeoForge/Forge TOML","HIGH",""
"expanded_combat","Expanded Combat","3.3.12","3.3.12","expanded_combat-1.21.1-3.3.12.jar","expanded_combat","FCCCA6A2B2425744470CCC1C8C94C4CB3C5E07814DD9973456636D9E8168E5E0","META-INF/neoforge.mods.toml","NeoForge/Forge TOML","HIGH","c;curios;expanded_combat;forge;minecraft;neoforge"
"explore_ruins_aether","Explore Ruins Aether","1.0.0","1.0.0","explore_ruins_aether-1.0.0-neoforge-1.21.1.jar","explore_ruins_aether","4FC02D88511E580E9660D96ADEC4F317FAE4CB61B1702E7475DF3C26B1F9CB99","META-INF/neoforge.mods.toml","NeoForge/Forge TOML","HIGH","explore_ruins_aether"
"explorerscompass","Explorer's Compass","1.21.1-3.4.0-neoforge","3.4.0","ExplorersCompass-1.21.1-3.4.0-neoforge.jar","explorerscompass","71E7B47BD88C9C210D7C06FE5276736FC2E225E869778216537D584E6D1FAF24","META-INF/neoforge.mods.toml","NeoForge/Forge TOML","HIGH","explorerscompass;minecraft"
"extendedae","ExtendedAE","1.21-2.2.35-neoforge","2.2.35","ExtendedAE-1.21-2.2.35-neoforge.jar","extendedae","14A2860FA2C747E9DDA2279B8933FAC6311FECFEE166C765171022B902591C65","META-INF/neoforge.mods.toml","NeoForge/Forge TOML","HIGH","ae2;c;curios;extendedae;minecraft"
"extendedcrafting","Extended Crafting","7.0.8","7.0.8","ExtendedCrafting-1.21.1-7.0.8.jar","extendedcrafting","8550F26E307115B27723510A902F3AAE5B9885EBE952924C9EF8B3C948E27103","META-INF/neoforge.mods.toml","NeoForge/Forge TOML","HIGH","c;extendedcrafting;minecraft"
"extraspecialcore","ExtraSpecialCore","1.3.0","1.3.0","extraspecialcore-1.3.0+1.21.1-neoforge.jar","extraspecialcore","8018663237064D7DBED7D31FB38F98758DD4A7145F1CCA93007FEF758BFC71AC","META-INF/neoforge.mods.toml","NeoForge/Forge TOML","HIGH","extraspecialcore"
"extremesoundmuffler","Extreme Sound Muffler","3.56","3.56","ExtremeSoundMuffler-3.56_NeoForge-1.21.jar","extremesoundmuffler","3C4152461540E3CCE8FE25C3E1A1FA8CE6982BBAD44DCA6D3B7E30A05AB2D531","META-INF/neoforge.mods.toml","NeoForge/Forge TOML","HIGH","extremesoundmuffler"
"fabric_api","Forgified Fabric API","0.116.15+2.3.2+1.21.1","0.116.15+2.3.2","forgified-fabric-api-0.116.15+2.3.2+1.21.1.jar","fabric_api;forgified_fabric_api","0BB57C1F5F05FE709B08584DEE95143B2F6C3CE1A193517886AC10BD5952733C","META-INF/neoforge.mods.toml","NeoForge/Forge TOML","HIGH","fabric"
"fancymenu","FancyMenu","3.9.9","3.9.9","fancymenu_neoforge_3.9.9_MC_1.21.1.jar","fancymenu","23236908B3EF362E4A3BD48CF2610247AC9D974BA44003C509D70063471DEC77","META-INF/neoforge.mods.toml","NeoForge/Forge TOML","HIGH","fancymenu;minecraft"
"farmers_cutting_twilight_forest","farmers cutting twilight forest","1.21.1-1.0","1.0","farmers-cutting-twilight-forest-1.21.1-1.0.jar","farmers_cutting_twilight_forest","8D2867ECAE0C6FB77F4DCF41537C3D987EB60098EAD774A07D48B558DE83FCD3","pack.mcmeta","Pack Metadata + Filename","MEDIUM","fctf"
"farmersdelight","Farmer's Delight","1.3.2","1.3.2","FarmersDelight-1.21.1-1.3.2.jar","farmersdelight","8FF438D62E1FCE61542945FAAE45975D823E04BD6E73A07A121EA05CE2F03DE7","META-INF/neoforge.mods.toml","NeoForge/Forge TOML","HIGH","c;create;createaddition;emi;farmersdelight;forge;minecraft;neoforge;origins;sable;sereneseasons;tconstruct"
"fastasyncworldsave","fastasyncworldsave mod","2.6","2.6","fastasyncworldsave-1.21-2.6.jar","fastasyncworldsave","099316EE212FF44BCD7AEA853F0153CD28432E0297676D21F61E8B000089714F","META-INF/neoforge.mods.toml","NeoForge/Forge TOML","HIGH",""
"fastbench","Fast Workbench","9.1.3","9.1.3","FastWorkbench-1.21.1-9.1.3.jar","fastbench","ABF593BA1584C761F198989008D334C95932AFE0A7C6B16AF4BAA16B54FD1449","META-INF/neoforge.mods.toml","NeoForge/Forge TOML","HIGH","fastbench"
"fastboot","FastBoot","1.3.0",,"fastboot-1.21.x-v1.3neo.jar","fastboot","23F44F8B2C479A4242F070E118C6DFE8084942B12D125743E784E121D076AD8D","META-INF/neoforge.mods.toml","NeoForge/Forge TOML","HIGH",""
"faster_climbing","Faster Climbing","1.0","1.0","FasterClimbing-neoforge-1.0.jar","faster_climbing","521D43C6E784A60B8BD87EE21973AEEA412AB4B641A0BBC4AF6D78ED85AF8B6B","META-INF/neoforge.mods.toml","NeoForge/Forge TOML","HIGH","faster_climbing"
"fastfurnace","FastFurnace","9.0.1","9.0.1","FastFurnace-1.21.1-9.0.1.jar","fastfurnace","4A8743C5D870AA9885D65E20D728C76FEC894E01E81D1B49EF0F4459A67F0EEA","META-INF/neoforge.mods.toml","NeoForge/Forge TOML","HIGH",""
"fastsuite","Fast Suite","6.0.7","6.0.7","FastSuite-1.21.1-6.0.7.jar","fastsuite","3E274CD01BDC27DFF8E2514213F1C45306C86FE38E4271A4209BC1471DE6C70D","META-INF/neoforge.mods.toml","NeoForge/Forge TOML","HIGH",""
"ferritecore","Ferrite Core","7.0.3","7.0.3","ferritecore-7.0.3-neoforge.jar","ferritecore","D87EA28262715EBFF45B8A82D493E6B468E7A4521BC021DF5D88302196D030A8","META-INF/neoforge.mods.toml","NeoForge/Forge TOML","HIGH",""
"flerovium","Flerovium","1.1.2","1.1.2","flerovium-neoforge-1.21.1-1.1.2-all.jar","flerovium","2274B5C3E66CDA6958B17A968EF8E6EF8710FF8A0A8BB99050FB5A167BA07928","META-INF/neoforge.mods.toml","NeoForge/Forge TOML","HIGH",""
"fluxnetworks","Flux Networks","8.0.0","8.0.0","FluxNetworks-1.21.1-8.0.0.jar","fluxnetworks","29E511B2D76F85BD247AA213A92BB059ECC037FCC3FED82BAFFCFF97B638D3A6","META-INF/neoforge.mods.toml","NeoForge/Forge TOML","HIGH","c;fluxnetworks;minecraft"
"followersteleporttoo","Followers Teleport Too","2.7","2.7","followersteleporttoo-1.21.1-2.7.jar","followersteleporttoo","5A63715245E185BEFA774A415917E85E21437A5055DD7A8AAF329072513D9B0F","META-INF/neoforge.mods.toml","NeoForge/Forge TOML","HIGH",""
"framedbg2support","Framed Blocks Building Gadgets Support","0.1.0","0.1.0","framedbg2support-0.1.0.jar","framedbg2support","555A23CEC6202562A894B6C591966693C8686122D0A41580DF2EDD40B1199650","META-INF/neoforge.mods.toml","NeoForge/Forge TOML","HIGH",""
"framedblocks","FramedBlocks","10.6.1","10.6.1","FramedBlocks-10.6.1.jar","framedblocks","3337F29E1FA3331E8740EEF9C20B0750D81FD86D1057FB81012A5C4792AA3369","META-INF/neoforge.mods.toml","NeoForge/Forge TOML","HIGH","c;diagonalwindows;framedblocks;minecraft"
"framework","Framework","0.13.11","0.13.11","framework-neoforge-1.21.1-0.13.11.jar","framework","429EA90A162D7C25C1463EE60979E4D7B1DDB525D9384A3A2A2F45D70BDA03F5","META-INF/neoforge.mods.toml","NeoForge/Forge TOML","HIGH","framework"
"freecam","Freecam","1.3.0+mc1.21","1.3.0","freecam-neoforge-1.3.0+mc1.21.jar","freecam","09B865A3987A0F1C87BCC9430550CCC4107729F29BFF53A1CD5AB1E9C3D82376","META-INF/neoforge.mods.toml","NeoForge/Forge TOML","HIGH","freecam"
"ftbbackups3","FTB Backups 3","21.1.5","21.1.5","ftb-backups-3-21.1.5.jar","ftbbackups3","B769EB27E8A26C8A894D87AE0BEA5C544EBB3EF6712AF2F79CD6EF16AFE685D4","META-INF/neoforge.mods.toml","NeoForge/Forge TOML","HIGH","ftbbackups3"
"ftbchunks","FTB Chunks","2101.1.21","2101.1.21","ftb-chunks-neoforge-2101.1.21.jar","ftbchunks","2CC32A613DD04D9355B88E6F455235AAF00768C270489657C9949F23B9195588","META-INF/neoforge.mods.toml","NeoForge/Forge TOML","HIGH","abundance;ae2;ars_elemental;ars_nouveau;autumnity;betterendforge;biomesoplenty;byg;create;environmental;ftbchunks;integrateddynamics;minecraft;mininggadgets;myrtrees;pneumaticcraft;projectred-exploration;projectvibrantjourneys;psi;traverse"
"ftbessentials","FTB Essentials","2101.1.10","2101.1.10","ftb-essentials-neoforge-2101.1.10.jar","ftbessentials","A61DE1B883EC9D6D652276F453E8E60B18BD315FEF8C62F21D6545260D526587","META-INF/neoforge.mods.toml","NeoForge/Forge TOML","HIGH","ftbessentials"
"ftbfiltersystem","FTB Filter System","21.1.4","21.1.4","ftb-filter-system-neoforge-21.1.4.jar","ftbfiltersystem","B8700E8BFD9C78B09BC7819CB28A6318B20D2BF68969BC6894A0BFA39581A99B","META-INF/neoforge.mods.toml","NeoForge/Forge TOML","HIGH","ftbfiltersystem"
"ftbjeiextras","FTB Jei Extras","21.1.7","21.1.7","ftb-jei-extras-21.1.7.jar","ftbjeiextras","141B02587D71A6591E71C1ED50DE5DDD5B297BB580E26AABF1273BB6FBDBE6DD","META-INF/neoforge.mods.toml","NeoForge/Forge TOML","HIGH","ftbjeiextras"
"ftblibrary","FTB Library","2101.1.35","2101.1.35","ftb-library-neoforge-2101.1.35.jar","ftblibrary","BE7B2BD0B5370A9951624A1D84FD802EFECAE88D5A0CD24552731F887430599D","META-INF/neoforge.mods.toml","NeoForge/Forge TOML","HIGH","ftblibrary;minecraft"
"ftbquests","FTB Quests","2101.1.30","2101.1.30","ftb-quests-neoforge-2101.1.30.jar","ftbquests","7D6EE49F42716ECA803F2C68E70D9FE6CB5C0DED9F629CE28C5955DED46D4D51","META-INF/neoforge.mods.toml","NeoForge/Forge TOML","HIGH","ftbquests;minecraft"
"ftbteams","FTB Teams","2101.1.10","2101.1.10","ftb-teams-neoforge-2101.1.10.jar","ftbteams","A656F2AA0E11A933AAB3BA697690AA0EB2041F65E6C5DAA448897EE0A6D37A6C","META-INF/neoforge.mods.toml","NeoForge/Forge TOML","HIGH","ftbteams"
"ftbultimine","FTB Ultimine","2101.1.15","2101.1.15","ftb-ultimine-neoforge-2101.1.15.jar","ftbultimine","1393A85CEB6E4794450D5F06043E3A033278E31B86DE8E03950D8B87604B2213","META-INF/neoforge.mods.toml","NeoForge/Forge TOML","HIGH","ftbultimine"
"ftbxaerocompat","FTB Chunks x Xaero's Map Compat","1.1.4","1.1.4","ftbxaerocompat-neoforge-1.1.4.jar","ftbxaerocompat","DD27664945866D4092803C261CDD0D5BA4DF755853E2CC87FAE9C96CBD986681","META-INF/neoforge.mods.toml","NeoForge/Forge TOML","HIGH","ftbxaerocompat"
"ftbxmodcompat","FTB XMod Compat","21.1.10","21.1.10","ftb-xmod-compat-neoforge-21.1.10.jar","ftbxmodcompat","781CBEB22E932C7A44DE6B0B6528D86FDD30295A44F1558BCD51864DEF755419","META-INF/neoforge.mods.toml","NeoForge/Forge TOML","HIGH","ftbxmodcompat"
"functionalstorage","Functional Storage","1.21.1-1.5.4","1.5.4","functionalstorage-1.21.1-1.5.4.jar","functionalstorage","E32D625ACE9E463E313627D2FE8D50B8648B11E34B3E48AA7F165687604C8B37","META-INF/neoforge.mods.toml","NeoForge/Forge TOML","HIGH","c;functionalstorage;minecraft"
"furniture_mod_tools_refurbished","MrCrayfish's Furniture Mod Tools: Refurbished","1.0.0-neoforge-1.21.1","1.0.0","furniture_mod_tools_refurbished-1.0.0-neoforge-1.21.1.jar","furniture_mod_tools_refurbished","88A79070771AF9AA6D4A5602418C4FFE7277B014F7C073B35520B0704F80FCFE","META-INF/neoforge.mods.toml","NeoForge/Forge TOML","HIGH","furniture_mod_tools_refurbished"
"fzzy_config","Fzzy Config","0.7.6+1.21+neoforge","0.7.6","fzzy_config-0.7.6+1.21+neoforge.jar","fzzy_config","4E5CC1438087B0BC0276969E88B9AD0BDF2BCC60D6CAF5FE79E18947D7A29050","META-INF/neoforge.mods.toml","NeoForge/Forge TOML","HIGH","fzzy_config"
"gag","Gadgets Against Grind","1.21.1-5.2.0","5.2.0","gag-neoforge-1.21.1-5.2.0.jar","gag","E8E2B042FA2A69232006687D3733C5E0964A7D450B9D01FBE76F2C920C199F95","META-INF/neoforge.mods.toml","NeoForge/Forge TOML","HIGH","gag;minecraft"
"gateways","Gateways To Eternity","5.1.0","5.1.0","GatewaysToEternity-1.21.1-5.1.0.jar","gateways","5E4F87781E045E67492C0589B1062504DF76CA33215AB0358FC8E4A1BE5EFAC5","META-INF/neoforge.mods.toml","NeoForge/Forge TOML","HIGH","gateways"
"gbf","GeckoBetterFPS","1.0.2","1.0.2","gbf-1.21.1-1.0.2.jar","gbf","48984167D9E0B3C8608497DC1A09A26B1FA26E8297B0F9E6AD065E5513A776A1","META-INF/neoforge.mods.toml","NeoForge/Forge TOML","HIGH",""
"geckolib","GeckoLib 4","4.9.2","4.9.2","geckolib-neoforge-1.21.1-4.9.2.jar","geckolib","5E548466AF9AB6ACA7A91A7C7D4DC0DC8BC385E22958AED5DA0E7BEBD0FA3FBA","META-INF/neoforge.mods.toml","NeoForge/Forge TOML","HIGH",""
"glodium","Glodium","1.21-2.2-neoforge","2.2","Glodium-1.21-2.2-neoforge.jar","glodium","369E99753DF0BDC90A38A8C52DF4ABB37BAF6B18C6CA130AF4C7BC75FB160A85","META-INF/neoforge.mods.toml","NeoForge/Forge TOML","HIGH",""
"gobber2","Gobber for NeoForge","2.10.15","2.10.15","Gobber-NeoForge-1.21.1-2.10.15.jar","gobber2","36F998130395B23ACE89C9E54BFFB6E18DE3AF53420C81DC29FCE349408F4433","META-INF/neoforge.mods.toml","NeoForge/Forge TOML","HIGH","c;gobber2;minecraft;silents_mechanisms;tetra;textures"
"gobberdelight","Gobber Delight","2.2.0","2.2.0","gobberdelight-2.2.0-neoforge-1.21.1.jar","gobberdelight","BC5E5D12B1F0CEE7B6EC8CC7DD2D13B58C2C0B0EE3E7813B1C754330E3F1BB76","META-INF/neoforge.mods.toml","NeoForge/Forge TOML","HIGH","c;farmersdelight;gobberdelight;minecraft"
"gravitygun","Gravity Gun","1.21.1-1.0.0","1.0.0","gravitygunneoforge-1.21.1-1.0.0.jar","gravitygun","69884726BD991C8B816A821331857C03D666A475F8285BB445F5A6868A62C1D7","META-INF/neoforge.mods.toml","NeoForge/Forge TOML","HIGH","gravitygun"
"guideme","GuideME","21.1.17","21.1.17","guideme-21.1.17.jar","guideme","D012ACA7275E2186AA223BF180B643164E5360D6433385FB12951F369F0B8C84","META-INF/neoforge.mods.toml","NeoForge/Forge TOML","HIGH","guideme"
"handcrafted","Handcrafted","4.0.3","4.0.3","handcrafted-neoforge-1.21.1-4.0.3.jar","handcrafted","6F2A776FB28ED07D370899814E5E711FBEEBE31396097D78A3B550439B364948","META-INF/neoforge.mods.toml","NeoForge/Forge TOML","HIGH","c;handcrafted;minecraft"
"hangglider","Hang Glider","21.1.0","v21.1.0","HangGlider-v21.1.0-1.21.1-NeoForge.jar","hangglider","203773BF5F93CC3514C1D70B47A065E84CA4008885E814D9D0716E8E9A5582B4","META-INF/neoforge.mods.toml","NeoForge/Forge TOML","HIGH","hangglider;minecraft"
"hats","Hats","1.21.1-1.3.0","1.3.0","hatsneoforge-1.21.1-1.3.0.jar","hats","6580920F75A724C8534D4B28922A2C3FC9C090CEFCA7A9DD0D6A9B7A4FE3AE84","META-INF/neoforge.mods.toml","NeoForge/Forge TOML","HIGH","hats;minecraft"
"hostilenetworks","Hostile Neural Networks","6.5.1","6.5.1","HostileNeuralNetworks-1.21.1-6.5.1.jar","hostilenetworks","DD56C109A76CDD2C2BF73A1E62AED7218D087FA1401A539B0D5576386F9FF545","META-INF/neoforge.mods.toml","NeoForge/Forge TOML","HIGH","curios;hostilenetworks;minecraft"
"idas","Integrated Dungeons and Structures","1.13.7+1.21.1-neoforge","1.13.7","idas-1.13.7+1.21.1-neoforge.jar","idas","7F5031DD90AE0B32D7FE5C6C47C877CAC1EB95A178BC78D196CB24C17CE82522","META-INF/neoforge.mods.toml","NeoForge/Forge TOML","HIGH","idas;integrated_api;minecraft;supplementaries"
"immediatelyfast","ImmediatelyFast","1.6.11+1.21.1","1.6.11","ImmediatelyFast-NeoForge-1.6.11+1.21.1.jar","immediatelyfast","336DF12F099D1A441A3E06850BEA86E9C2D0C8BC022D3D9A201870A201562A04","META-INF/neoforge.mods.toml","NeoForge/Forge TOML","HIGH","immediatelyfast"
"immersive_paintings","Immersive Paintings","0.7.8","0.7.8","immersive_paintings-neoforge-1.21.1-0.7.8.jar","immersive_paintings","C377F6DFAF5BE5022761F6E3D6310EF90E59E10BD00BB252D78CFF5381B2520C","META-INF/neoforge.mods.toml","NeoForge/Forge TOML","HIGH","immersive_paintings"
"incendium","Incendium","5.4.3","v5.4.4","Incendium_1.21.x_v5.4.4.jar","incendium","285A4F69FE2391F2175F7FC9316D727A39C79BDD214923C59284D569BCE656F4","META-INF/neoforge.mods.toml","NeoForge/Forge TOML","HIGH","c;forge;incendium;load;minecraft"
"industrialforegoing","Industrial Foregoing","1.21-3.6.39","3.6.39","industrialforegoing-1.21-3.6.39.jar","industrialforegoing","ABEB644675398E7729EB5F3637E1DFBE080E0DBDFCCED1B19BD4AB595CCDD4BB","META-INF/neoforge.mods.toml","NeoForge/Forge TOML","HIGH","c;curios;industrialforegoing;minecraft;titanium"
"industrialforegoingsouls","Industrial Foregoing Souls","1.10.4","1.10.4","industrial-foregoing-souls-1.21.1-1.10.4.jar","industrialforegoingsouls","57955BA464903BE4C61DE4B44018D6FD2F482BA0EADF9FED85383AE8E05D5AB0","META-INF/neoforge.mods.toml","NeoForge/Forge TOML","HIGH","c;industrialforegoingsouls;minecraft"
"infinity","Infinite Dimensions","2.7.2+1.21.1","2.7.2","infinity-2.7.2+1.21.1-neoforge.jar","infinity","6E52E12BFD3249694ABCF9768B8AA5C2044359ACEE697F0FC05FC6BD3DCD114B","META-INF/neoforge.mods.toml","NeoForge/Forge TOML","HIGH","c;infinity;ivory;minecraft"
"integrated_api","Integrated API","1.8.0","1.8.0","integrated_api-neoforge-1.21.1-1.8.0.jar","integrated_api","48149E2AA1B3BC18E1D16A75E652B9E1405250045BFB434F04AEA90B75D3C013","META-INF/neoforge.mods.toml","NeoForge/Forge TOML","HIGH","integrated_api"
"integrated_cataclysm","Integrated Cataclysm","1.0.6+1.21.1-neoforge","1.0.6","integrated_cataclysm-1.0.6+1.21.1-neoforge.jar","integrated_cataclysm","18B71FC9F2CC2541E1F63DCD5862519FC433C6D7270F397E7AFD4E08C56C1F1C","META-INF/neoforge.mods.toml","NeoForge/Forge TOML","HIGH","cataclysm;integrated_api;integrated_cataclysm"
"integrated_dungeons_arise","Integrated Dungeons Arise","2.1.1","v2.1.1","IDA v2.1.1-1.21.1.jar","integrated_dungeons_arise","7F2A599523139697AEBEB30F3C811F33F62D7ACF85374B4EE967C95E34D366DA","META-INF/neoforge.mods.toml","NeoForge/Forge TOML","HIGH","dungeons_arise;integrated_api;lootintegrations;minecraft"
"integrated_seven_seas","Integrated Seven Seas","1.1.0",,"ISS-1.21.1.jar","integrated_seven_seas","08E0623DCD2175997B07FE231614B5A95E381750AB792A54AF029C1E44F27790","META-INF/neoforge.mods.toml","NeoForge/Forge TOML","HIGH","dungeons_arise_seven_seas;lootintegrations"
"integrated_stronghold","Integrated Stronghold","1.1.4+1.21.1-neoforge","1.1.4","integrated_stronghold-1.1.4+1.21.1-neoforge.jar","integrated_stronghold","C6AC6AD68DE806524615238F8A7EFE511C417B8CD56FFCEB7DD62AAD9C8B821B","META-INF/neoforge.mods.toml","NeoForge/Forge TOML","HIGH","integrated_api;integrated_stronghold;minecraft"
"integrated_villages","Integrated Villages","1.3.3+1.21.1-neoforge","1.3.3","integrated_villages-1.3.3+1.21.1-neoforge.jar","integrated_villages","B53A485828DA352B1A6A24CD2796AACF5D8360632B98C7DFBA295F235D41EC00","META-INF/neoforge.mods.toml","NeoForge/Forge TOML","HIGH","create;integrated_api;integrated_villages;minecraft"
"integratedcrafting","IntegratedCrafting","1.4.7","1.4.7","integratedcrafting-1.21.1-neoforge-1.4.7.jar","integratedcrafting","5BD72AD033C188D7B399A3F69D9DE86D549B7199CF0871E09FBFFFA863485547","META-INF/neoforge.mods.toml","NeoForge/Forge TOML","HIGH","integratedcrafting;integrateddynamics;minecraft"
"integrateddynamics","IntegratedDynamics","1.34.0","1.34.0","integrateddynamics-1.21.1-neoforge-1.34.0.jar","integrateddynamics;integrateddynamicscompat","2E6AFC62A572CF3E1BD6B91321946790103C72793BC5FE1D0295C1138C072E87","META-INF/neoforge.mods.toml","NeoForge/Forge TOML","HIGH","c;integrateddynamics;integrateddynamicscompat;minecraft;neoforge"
"integratedmekanism","IntegratedMekanism","1.0.4","1.0.4","integratedmekanism-1.21.1-neoforge-1.0.4.jar","integratedmekanism","AACDDB3C6A05B0703B65E70BBF16DCCCD31C676673FD920998842BE416ED2776","META-INF/neoforge.mods.toml","NeoForge/Forge TOML","HIGH","integrateddynamics;integratedmekanism;minecraft"
"integratedterminals","IntegratedTerminals","1.7.0","1.7.0","integratedterminals-1.21.1-neoforge-1.7.0.jar","integratedterminals;integratedterminalscompat","7BCA14583042C834A36E48879A12E986940D15FB3D3DC6FCAEAF51379D80A370","META-INF/neoforge.mods.toml","NeoForge/Forge TOML","HIGH","curios;cyclopscore;integrateddynamics;integratedterminals;integratedterminalscompat;minecraft"
"integratedtunnels","IntegratedTunnels","1.9.4","1.9.4","integratedtunnels-1.21.1-neoforge-1.9.4.jar","integratedtunnels;integratedtunnelscompat","28A045E22714629826443A2BA61C3A6AC9F6AB04150C80E5E249AC45F3FF8FC5","META-INF/neoforge.mods.toml","NeoForge/Forge TOML","HIGH","integrateddynamics;integratedtunnels;integratedtunnelscompat;minecraft"
"interiors","Create: Interiors","0.6.1","0.6.1","interiors-1.21.1-neoforge-0.6.1.jar","interiors","0D1326FB8B67623AE1C69A63B788DCDCECAF8DF400C7D8E5E55ACE79A5166FE5","META-INF/neoforge.mods.toml","NeoForge/Forge TOML","HIGH","interiors;minecraft"
"inventorypets","Inventory Pets","2.2.8","2.2.8","inventorypets-2.2.8.jar","inventorypets","AF49068338AE61850399DD3DBBB52D6A6E9F40933790FA2D24394135763508AD","META-INF/neoforge.mods.toml","NeoForge/Forge TOML","HIGH","inventorypets"
"iris","Iris","1.8.14-beta.1+mc1.21.1","1.8.14-beta.1","iris-neoforge-1.8.14-beta.1+mc1.21.1.jar","iris","60D5F8BF52F25E9986440F4A4270A6BD986D9CFF994510E1108AC1547063B314","META-INF/neoforge.mods.toml","NeoForge/Forge TOML","HIGH","iris"
"irisflw","Iris Flywheel Compat","2.4.0","2.4.0","iris-flywheel-compat-NeoForge-2.4.0.jar","irisflw","F5351CF9A838AE1624FCDA78A8734B52CFDE20DE824DB30E3F00DD00B9128EC8","META-INF/neoforge.mods.toml","NeoForge/Forge TOML","HIGH","flywheel;irisflw"
"ironfurnaces","Iron Furnaces","4.3.2","4.3.2","ironfurnaces-neoforge-1.21.1-4.3.2.jar","ironfurnaces","97C0D7C323FDA4AA852FDCE69BF1250A40323BB9D34EF6C87790E07334D1C2DE","META-INF/neoforge.mods.toml","NeoForge/Forge TOML","HIGH","c;ironfurnaces;minecraft"
"irons_lib","Iron's Lib","1.21.1-2.1.0","2.1.0","irons_lib-1.21.1-2.1.0.jar","irons_lib","3D0AD1003D6EDEAAD2500B9922267B4192D2C603CDD846FDA339B168F4DEFF72","META-INF/neoforge.mods.toml","NeoForge/Forge TOML","HIGH","irons_lib;irons_patreon_lib;minecraft"
"irons_spellbooks","Iron's Spells 'n Spellbooks","1.21.1-3.16.2","3.16.2","irons_spellbooks-1.21.1-3.16.2.jar","irons_spellbooks","82B650AFF7636C8FA88DA0E4CFEA008C229BB62843274678EE932F6B4EC74430","META-INF/neoforge.mods.toml","NeoForge/Forge TOML","HIGH","apotheosis;c;curios;irons_jewelry;irons_spellbooks;minecraft;neoforge;tetra"
"jade","Jade","15.10.6+neoforge","15.10.6","Jade-1.21.1-NeoForge-15.10.6.jar","jade","276F1F65A20D04F536989C4F311949D770B52C440C23C2B904A08860F3C93810","META-INF/neoforge.mods.toml","NeoForge/Forge TOML","HIGH","jade"
"javd","Just Another Void Dimension","9.0.0","9.0.0","javd-neo-9.0.0+mc1.21.1.jar","javd","FD2AFC69A6745321BEE1A358F583CC33DD029A1B0370CCFF281BE1A866DCBA3F","META-INF/neoforge.mods.toml","NeoForge/Forge TOML","HIGH","javd;minecraft"
"jdttimeaccelerators","JDT Time Accelerators","2.2.0","2.2.0","jdttimeaccelerators-neoforge-1.21.1-2.2.0.jar","jdttimeaccelerators","8381C716967D4FFC43EB84C69E6520991E17B0C290C9FEF2F11EB8B08B10C54D","META-INF/neoforge.mods.toml","NeoForge/Forge TOML","HIGH","ae2;jdttimeaccelerators;justdirethings;minecraft"
"jei","Just Enough Items","19.44.0.401","19.44.0.401","jei-1.21.1-neoforge-19.44.0.401.jar","jei","8491F902A3FF8A4170A2C4F64EFBC0186B6665825F20DAAB4789CB5102C1AC9B","META-INF/neoforge.mods.toml","NeoForge/Forge TOML","HIGH","jei"
"jei_mekanism_multiblocks","Just Enough Mekanism Multiblocks","7.16","7.16","JustEnoughMekanismMultiblocks-1.21.1-7.16.jar","jei_mekanism_multiblocks","96AB2DA00AED0FB9C40DAA93D2F2EF888763D0A42FF6FAC2D0B3E248248FF53C","META-INF/neoforge.mods.toml","NeoForge/Forge TOML","HIGH","jei_mekanism_multiblocks"
"jei_ores","JEI Ores","1.21.1-1.0.0","1.0.0","JEI Ores-1.21.1-1.0.0.jar","jei_ores","8E1D9545572528E68D0FBCE2B7BD9AE8CC43FB457016D8E93369D4897583B563","META-INF/neoforge.mods.toml","NeoForge/Forge TOML","HIGH","jei_ores;minecraft"
"jeioptimizer","JEIOptimizer","1.1.0-19.42","1.1.0-19.42","jeioptimizer-1.21.1-1.1.0-19.42.jar","jeioptimizer","FCBCBA37EF6E6155660E2FF9D4FD42B18E7F729A3D2D4EAB1649FDEC83227C87","META-INF/neoforge.mods.toml","NeoForge/Forge TOML","HIGH","jeioptimizer"
"justdirethings","Just Dire Things","1.5.7","1.5.7","justdirethings-1.5.7.jar","justdirethings","6E5F7DD7091CC271FEE66B0DF62BDE2250E8B52397B51DD911F79C088EB22D2F","META-INF/neoforge.mods.toml","NeoForge/Forge TOML","HIGH","c;forge;justdirethings;minecraft;neoforge"
"kjsbotanypots","kjsbotanypots","1.3.2","1.3.2","kjsbotanypots-1.3.2.jar","kjsbotanypots","5E66CCB2956665B9860D57ED05BB237F9DBA8610525D2AF3BB6020ACE800F404","META-INF/neoforge.mods.toml","NeoForge/Forge TOML","HIGH",""
"konkrete","Konkrete","1.9.9","1.9.9","konkrete_neoforge_1.9.9_MC_1.21.jar","konkrete","791C5538751DD3015EF3A2CE92D98719E1A28A48EBBD817B78506771256654CD","META-INF/neoforge.mods.toml","NeoForge/Forge TOML","HIGH","konkrete"
"kotlinforforge","kotlinforforge","5.12.0","5.12.0","kotlinforforge-5.12.0-all.jar","kotlinforforge","095AED94F21B4E55895B21EA957750AE3AB829FBCFC6D3C66A3489F5F1128D46","","Filename Fallback","LOW",""
"krypton_fnp","Krypton FNP","0.2.28.1-1.21.1","0.2.28.1","krypton_fnp-neoforge-1.21.1-0.2.28.1-1.21.1.jar","krypton_fnp","05EBE849611DAAFE533FC57ED9B5156EDFA9157CED04D38A7860B1E2075984B9","META-INF/neoforge.mods.toml","NeoForge/Forge TOML","HIGH","krypton_fnp"
"kubejs","KubeJS","2101.7.2-build.368","2101.7.2-build.368","kubejs-neoforge-2101.7.2-build.368.jar","kubejs","28867299E7A9F02CFD74E34745FDBBB073FE4887FDDBC98FD6C1ED2E87B01482","META-INF/neoforge.mods.toml","NeoForge/Forge TOML","HIGH","dankstorage;extendedcrafting;kubejs;minecraft"
"kubejspowah","KubeJS Powah","1.3.4","1.3.4","kubejspowah-1.3.4.jar","kubejspowah","59FC6B75B4F76FB71B39D5A987D1393172BF0E7951855036967FBCD8A310382A","META-INF/neoforge.mods.toml","NeoForge/Forge TOML","HIGH",""
"leavesbegone","Leaves Be Gone","21.1.1","v21.1.1","LeavesBeGone-v21.1.1-1.21.1-NeoForge.jar","leavesbegone","EA85AD07672F7C2199C28FE58A80C354EF2F2C60BFB0315E3730C344068526E0","META-INF/neoforge.mods.toml","NeoForge/Forge TOML","HIGH",""
"letmedespawn","Let Me Despawn","1.5.0","1.5.0","letmedespawn-1.21.x-neoforge-1.5.0.jar","letmedespawn","074FFDBE34BF97B7D15FA4DB7CFFF547578A9C2F547479128A43D184C4CA642A","META-INF/neoforge.mods.toml","NeoForge/Forge TOML","HIGH",""
"lionfishapi","lionfishapi","3.1","3.1","lionfishapi-3.1.jar","lionfishapi","AEEBF0692650AFBBC78259C0D4E3D5B7EDF037707E8AE5D56045066D83A19CF6","META-INF/neoforge.mods.toml","NeoForge/Forge TOML","HIGH","lionfishapi"
"lithium","Lithium","0.15.4+mc1.21.1","0.15.4","lithium-neoforge-0.15.4+mc1.21.1.jar","lithium","488F33216030C1CB0BAA33E59DE3D657D08D5795A6C2080C8C8BBBC133FC8757","META-INF/neoforge.mods.toml","NeoForge/Forge TOML","HIGH","lithium"
"lithostitched","Lithostitched","1.7.13","1.7.13-21.1","lithostitched-1.7.13-neoforge-21.1.jar","lithostitched","A90B1D485B138328CEAA156B7897B0829EB1EE1522B997870A53129AE65E5512","META-INF/neoforge.mods.toml","NeoForge/Forge TOML","HIGH","lithostitched;minecraft"
"lootintegrations","Lootintegrations mod","4.7","4.7","lootintegrations-1.21.1-4.7.jar","lootintegrations","1DE9E6352F643F2850DCE3E6B7AA8274902798A2243EA9E494FE13AABAA90D2C","META-INF/neoforge.mods.toml","NeoForge/Forge TOML","HIGH","lootintegrations"
"lootintegrations_integrated","lootintegrations_integrated mod","1","1.5","lootintegrations_integrated-1.5.jar","lootintegrations_integrated","45182E1106A9F2AC75F35F680D0CD2D0DE8457587A7E9FDFEE54E2CC6A156FBD","META-INF/neoforge.mods.toml","NeoForge/Forge TOML","HIGH","lootintegrations"
"lootintegrations_yungs","lootintegrations_yungs mod","1","1.6","lootintegrations_yungs-1.6.jar","lootintegrations_yungs","15E0B2B1A6E538E2E4F14C1FA9FD272E3EA45D74B0E95D50D3F707A7CEF9B9BE","META-INF/neoforge.mods.toml","NeoForge/Forge TOML","HIGH","lootintegrations"
"lootjs","LootJS","1.21.1-3.7.0","3.7.0","lootjs-neoforge-1.21.1-3.7.0.jar","lootjs","D168FD80F45E5F23DCED8A54FDEE87347A4C7FC6CCD9C76D30AE4D067BA9C60A","META-INF/neoforge.mods.toml","NeoForge/Forge TOML","HIGH","lootjs"
"lootr","Lootr","1.21.1-1.11.38.123","1.11.38.123","lootr-neoforge-1.21.1-1.11.38.123.jar","lootr","2EF8EE998A5C224C2037CBFE488C2D66AA9522F1F0C32083C692741682AB58D9","META-INF/neoforge.mods.toml","NeoForge/Forge TOML","HIGH","c;ftbchunks;lootr;minecraft"
"lucky","Lucky Block","0.1.4+1.21.1","0.1.4","lucky_block-neoforge-0.1.4+1.21.1.jar","lucky","D1EAFF79104F114FA326F8AFC971E331C8958C64EDF5DADB415CF9102CBF349B","META-INF/neoforge.mods.toml","NeoForge/Forge TOML","HIGH","lucky;minecraft"
"marvel","Marvel Superheroes","2.1.0-pre6","2.1.0-pre6","marvel-2.1.0-pre6-1.21.1-neoforge.jar","marvel","F2B3D00F07106D052067B4B2D8C0780EEDC6B94D8F25941DED7614818CE5BB24","META-INF/neoforge.mods.toml","NeoForge/Forge TOML","HIGH","c;curios;emi;libgui;marvel;minecraft"
"mcwbridges","Macaw's Bridges","3.1.2","3.1.2","mcw-bridges-3.1.2-mc1.21.1neoforge.jar","mcwbridges","070B817D3282760D9789B22CE13779613C8B558E02012FD5884D343175D88FD9","META-INF/neoforge.mods.toml","NeoForge/Forge TOML","HIGH","mcwbridges;minecraft"
"mcwdoors","Macaw's Doors","1.1.5","1.1.5","mcw-doors-1.1.5-mc1.21.1neoforge.jar","mcwdoors","87261E309F5E10C9910169D5ACBBA613CAB3A2D2270698B0BD47E657A45B0518","META-INF/neoforge.mods.toml","NeoForge/Forge TOML","HIGH","mcwdoors;minecraft"
"mcwfences","Macaw's Fences and Walls","1.2.1","1.2.1","mcw-mcwfences-1.2.1-mc1.21.1neoforge.jar","mcwfences","E4B0E5A5B67DECC2285E71F017FB4F60284796FA0838DE3EDEAF6B7CB0395735","META-INF/neoforge.mods.toml","NeoForge/Forge TOML","HIGH","diagonalfences;mcwfences;minecraft"
"mcwfurnitures","Macaw's Furniture","3.4.1","3.4.1","mcw-furniture-3.4.1-mc1.21.1neoforge.jar","mcwfurnitures","819FDA8059B210E9DE8B9275C8B8E0D931054AF5A5AD47771C72D9FD4AB85E88","META-INF/neoforge.mods.toml","NeoForge/Forge TOML","HIGH","mcwfurnitures;minecraft"
"mcwlights","Macaw's Lights and Lamps","1.1.5","1.1.5","mcw-lights-1.1.5-mc1.21.1neoforge.jar","mcwlights","B27CD68A7673874B0F6D765BDEF2A022666CC07CA0E5057209A16D1A535DA9E4","META-INF/neoforge.mods.toml","NeoForge/Forge TOML","HIGH","mcwlights;minecraft"
"mcwpaintings","Macaw's Paintings","1.1.0","1.1.0","mcw-paintings-1.1.0-mc1.21.1neoforge.jar","mcwpaintings","FDDF73508F3C98CADD9B3C1FE08D792141EB3DB7F89134CF313ED175C3BA031C","META-INF/neoforge.mods.toml","NeoForge/Forge TOML","HIGH","mcwpaintings;minecraft"
"mcwpaths","Macaw's Paths and Pavings","1.1.1","1.1.1","mcw-mcwpaths-1.1.1-mc1.21.1neoforge.jar","mcwpaths","F04B51518F75C8A7D5FE1BE5589DBCB8A7B0D4F67373CA903578804D971B1286","META-INF/neoforge.mods.toml","NeoForge/Forge TOML","HIGH","mcwpaths;minecraft"
"mcwquark","Macaw's Quark","1.21.1-1.6.1","1.6.1","mcwquark-neoforge-1.21.1-1.6.1.jar","mcwquark","E0AF433007771533F77631D0E01A714CA06C71AF369B6B393BEF23534C01BD9B","META-INF/neoforge.mods.toml","NeoForge/Forge TOML","HIGH","diagonalfences;mcwbridges;mcwdoors;mcwfences;mcwfurnitures;mcwpaths;mcwquark;mcwstairs;mcwtrpdoors;mcwwindows;minecraft;quark"
"mcwroofs","Macaw's Roofs","2.3.2","2.3.2","mcw-roofs-2.3.2-mc1.21.1neoforge.jar","mcwroofs","25C79DEF993A24B05B0F8494EE9417717D469BC000D5ED7C219B47DCC3B3E9C8","META-INF/neoforge.mods.toml","NeoForge/Forge TOML","HIGH","mcwroofs;minecraft"
"mcwstairs","Macaw's Stairs and Balconies","1.0.2","1.0.2","mcw-mcwstairs-1.0.2-mc1.21.1neoforge.jar","mcwstairs","177FE382FF22CAA14983D862EAD2717321315A5E4AFA778D245E9ACD2F61608D","META-INF/neoforge.mods.toml","NeoForge/Forge TOML","HIGH","mcwstairs;minecraft"
"mcwtrpdoors","Macaw's Trapdoors","1.1.5","1.1.5","mcw-trapdoors-1.1.5-mc1.21.1neoforge.jar","mcwtrpdoors","1408D46BC2E7515B25B4DA8393F8DBB3D79BCD9FB6D51FCF26FE84734C2597AF","META-INF/neoforge.mods.toml","NeoForge/Forge TOML","HIGH","mcwtrpdoors;minecraft"
"mcwwindows","Macaw's Windows","2.4.2","2.4.2","mcw-mcwwindows-2.4.2-mc1.21.1neoforge.jar","mcwwindows","8970C40EC622EDD34C9B055226B403AF08AB441C77303A6DC625AE18005F8184","META-INF/neoforge.mods.toml","NeoForge/Forge TOML","HIGH","mcwwindows;minecraft"
"mechanicals","Mechanicals Lib","1.1.6","1.1.6","mechanicals-1.21.1-1.1.6.jar","mechanicals","0CE9BB97A68A2FC7340695EACD5B9898F2DC481DC6384DF62BFB10C92C9DE549","META-INF/neoforge.mods.toml","NeoForge/Forge TOML","HIGH","create;mechanicals"
"megacells","MEGA Cells","4.11.0","4.11.0","megacells-4.11.0.jar","megacells","A386BBF12AFB11729B0DCF77F64221893D250F22E6185A4D728B9799B230BC55","META-INF/neoforge.mods.toml","NeoForge/Forge TOML","HIGH","ae2;c;megacells;minecraft"
"mekagenjei","MekaGenJei","1.2","1.2","mekagenjei-1.2.jar","mekagenjei","AC5E5A3600E1D45C5326FC28CBE71F62C2CDAAA2402886E238F2C462119A56C7","META-INF/neoforge.mods.toml","NeoForge/Forge TOML","HIGH","mekagenjei"
"mekajadeupgrade","MekaJadeUpgrades","1.3","1.3","mekajadeupgrade-1.3.jar","mekajadeupgrade","11F817F42163ED6CAFE724E9D30B1C059FB7297D6E767030F472232EBE12368E","META-INF/neoforge.mods.toml","NeoForge/Forge TOML","HIGH","mekajadeupgrade"
"mekanism","Mekanism","10.7.19","10.7.19.85","Mekanism-1.21.1-10.7.19.85.jar","mekanism","004DBC9F3106F4D192AEAA1EE1190DD16EC9CA8059ED3D093B80034F4C574F43","META-INF/neoforge.mods.toml","NeoForge/Forge TOML","HIGH","c;create;emi;framedblocks;mekanism;minecraft;neoforge;per-viam-invenire;projecte"
"mekanismcurios","Mekanism Curios","1.2.1","1.2.1","mekanismcurios-1.21.1-1.2.1.jar","mekanismcurios","6721E17CC4EEF95FE987B5431DE626C0FA51618037BF606A1A7EFF5373E22514","META-INF/neoforge.mods.toml","NeoForge/Forge TOML","HIGH","curios;mekanismcurios"
"mekanismgenerators","Mekanism: Generators","10.7.19","10.7.19.85","MekanismGenerators-1.21.1-10.7.19.85.jar","mekanismgenerators","0E5783B111E756F27B48C62B2F0E02FFF750C77F7985FF809BFADC5F444BA4AC","META-INF/neoforge.mods.toml","NeoForge/Forge TOML","HIGH","c;create;emi;framedblocks;mekanism;mekanismgenerators;minecraft;neoforge"
"mekanismtools","Mekanism: Tools","10.7.19","10.7.19.85","MekanismTools-1.21.1-10.7.19.85.jar","mekanismtools","E1DBCA7D70DF150101DA535F6AB4B165A2E402FDE830D34DF75B58D9AAD24DD8","META-INF/neoforge.mods.toml","NeoForge/Forge TOML","HIGH","c;emi;mekanismtools;minecraft"
"mekmm","Mekanism: MoreMachine","1.3.1","1.3.1","mekmm-1.21.1-1.3.1.jar","mekmm","72C43200A88BF8944EB0D07DF740B63A25D87F5997853856628362668E16771A","META-INF/neoforge.mods.toml","NeoForge/Forge TOML","HIGH","c;mekanism;mekmm;minecraft"
"melody","Melody","1.0.10","1.0.10","melody_neoforge_1.0.10_MC_1.21.jar","melody","6B973A4564703C531FC0EAE09DB08B07A38091E0A743C687B8D2049457E84871","META-INF/neoforge.mods.toml","NeoForge/Forge TOML","HIGH","melody"
"merequester","ME Requester","1.21.1-1.4.3","1.4.3","merequester-neoforge-1.21.1-1.4.3.jar","merequester","68F3C861A802D48AFEB6E3A48E8EE4F8633904340AC3F89F17493DC84490E385","META-INF/neoforge.mods.toml","NeoForge/Forge TOML","HIGH","ae2;merequester;minecraft"
"mes","MoogsEndStructures","2.0.3","2.0.3","MoogsEndStructures-1.21-2.0.3.jar","mes","6DD403739A473C38AA2A6660DC4891BE1525743F5E7BE0CF4C25B93B4491B4EA","fabric.mod.json","Fabric JSON","HIGH","mes"
"mifa","More Industrial Foregoing Addons","2.1.0","2.1.0","mifa-neoforge-1.21.x-2.1.0.jar","mifa","DAB09F72C4DF39EFC5D7F8949E4AB02B7D5F74242EE17B8C26FB172C2761D49F","META-INF/neoforge.mods.toml","NeoForge/Forge TOML","HIGH","c;industrialforegoing;mifa;minecraft"
"mns","MoogsNetherStructures","3.0.0","3.0.0","MoogsNetherStructures-1.21-3.0.0.jar","mns","024BCE3098FCBA6B7EB55F3526708CBF9DFDF3B074DA057CE72B896A2567A6AF","fabric.mod.json","Fabric JSON","HIGH","mns;moogs_structures"
"mod_menu","Better ModList","21.1.1","21.1.1","better_modlist-21.1.1.jar","mod_menu","9D4FCB6B0E0393F08AF4EFD787A00A973E091CF4F6F62261B26F26A352B1317E","META-INF/neoforge.mods.toml","NeoForge/Forge TOML","HIGH","mod_menu"
"modernfix","ModernFix","5.27.20+mc1.21.1","5.27.20","modernfix-neoforge-5.27.20+mc1.21.1.jar","modernfix","6F367EA4002C39E3CFE27E0A0BE1008880A4B35A8482A78A437CFB9D8EE38273","META-INF/neoforge.mods.toml","NeoForge/Forge TOML","HIGH","modernfix"
"modernworldcreation","Modern World Creation","2.0.1","2.0.1","modernworldcreation_neoforge_2.0.1_MC_1.21.1.jar","modernworldcreation","ABA9DE9A28879BC59333AA05F1B53E1233C9ECA5A91AB1C4C55CC63674842A43","META-INF/neoforge.mods.toml","NeoForge/Forge TOML","HIGH","modernworldcreation"
"modularrouters","Modular Routers","13.2.7","13.2.7","modular-routers-13.2.7+mc1.21.1.jar","modularrouters","10F84E7F2D1BC7B655D8398D8C2E7146C4929C3AD2C97408F940CA86C1BF898C","META-INF/neoforge.mods.toml","NeoForge/Forge TOML","HIGH","minecraft;modularrouters"
"moogs_structures","Moog's Structure Lib","3.0.3","3.0.3","moogs_structures-neoforge-1.21.1-3.0.3.jar","moogs_structures","D4E1837730370FA3FD5153AB152C7A6862615F1159CE3B7331BC25E4DB8A78B4","META-INF/neoforge.mods.toml","NeoForge/Forge TOML","HIGH","moogs_structures"
"moonlight","Moonlight Lib","1.21.1-3.3.3","3.3.3","moonlight-1.21.1-3.3.3-neoforge.jar","moonlight","C3C1222E087D5DD58075D87B3036194700DE56BBC4B3415AA76174E048381340","META-INF/neoforge.mods.toml","NeoForge/Forge TOML","HIGH","c;minecraft;moonlight"
"moreculling","More Culling","1.0.9","1.0.9","moreculling-neoforge-1.21.1-1.0.9.jar","moreculling","0B7000DAC4BD8218074ECE026F515D8CB24FCFD19C0E9EEB882209AB82F17657","META-INF/neoforge.mods.toml","NeoForge/Forge TOML","HIGH","moreculling"
"morph","Morph","1.0.0","1.0.0","morph-neoforge-1.21.1-1.0.0.jar","morph;ichunutil","62DFB528E7845D1F038804694999AF2E1E860F0D8A3CC9CBC39EF695848B8582","META-INF/neoforge.mods.toml","NeoForge/Forge TOML","HIGH","ichunutil;morph"
"mousetweaks","Mouse Tweaks","2.26.1","2.26.1","MouseTweaks-neoforge-mc1.21-2.26.1.jar","mousetweaks","68E6F4201C5DE97B77929A7215C9552495696CA6A3BF3AE4EACC34E135F6CC8B","META-INF/neoforge.mods.toml","NeoForge/Forge TOML","HIGH",""
"mutantmonsters","Mutant Monsters","21.1.1","v21.1.1","MutantMonsters-v21.1.1-1.21.1-NeoForge.jar","mutantmonsters","1E20340A6642DCD6E43399292825F8CD84A079E0B917E36CF7341E787B626A4F","META-INF/neoforge.mods.toml","NeoForge/Forge TOML","HIGH","enderzoology;minecraft;mutantmonsters"
"mysticalagradditions","Mystical Agradditions","8.0.14","8.0.14","MysticalAgradditions-1.21.1-8.0.14.jar","mysticalagradditions","8F65713181CDB61F67637C49F7200F8FB5B8FEF2AAF314C4DA116D60077C9E46","META-INF/neoforge.mods.toml","NeoForge/Forge TOML","HIGH","c;cucumber;minecraft;mysticalagradditions;mysticalagriculture"
"mysticalagriculture","Mystical Agriculture","8.0.27","8.0.27","MysticalAgriculture-1.21.1-8.0.27.jar","mysticalagriculture","D67BB701FBE4ADE2EFEB0AAFD477F569B5E6A5A7C8AC696A8A1F658F8477EB99","META-INF/neoforge.mods.toml","NeoForge/Forge TOML","HIGH","c;cucumber;minecraft;mysticalagriculture"
"mysticalcustomization","Mystical Customization","6.0.2","6.0.2","MysticalCustomization-1.21.1-6.0.2.jar","mysticalcustomization","70C63D765EC2BC0AB6E76097AF08F6E0AA854F6C737BCA828F50EC5B2D7E0F48","META-INF/neoforge.mods.toml","NeoForge/Forge TOML","HIGH",""
"naturescompass","Nature's Compass","1.21.1-3.4.0-neoforge","3.4.0","NaturesCompass-1.21.1-3.4.0-neoforge.jar","naturescompass","0E249AC11B2F916C5570D9679E188DA652FA5664BA9CDB7BE5DC9FF69497539C","META-INF/neoforge.mods.toml","NeoForge/Forge TOML","HIGH","minecraft;naturescompass"
"nether_remastered","Nether Remastered","2.6","2.6","nether_remastered-2.6-neoforge-1.21.1.jar","nether_remastered","D2961326F6FCCA459F18CC785A6AF025E1D109DF4AA99AC2B010BDCE28A59A43","META-INF/neoforge.mods.toml","NeoForge/Forge TOML","HIGH","minecraft;neoforge;nether_remastered"
"netherrackblasting","Blasting Netherrack into Nether Bricks","1.21.1-0.1-neoforge","0.1","netherrackblasting-1.21.1-0.1-neoforge.jar","netherrackblasting","6F81089E4E9574FA99E6272FE3F7DDC17110EA08D46DD2DAFCDF477AE40DD40F","META-INF/neoforge.mods.toml","NeoForge/Forge TOML","HIGH","blastingraw"
"netherwartblock","Nether Wart Blocks to Nether Warts","1.21.1-7.2","7.2","netherwartblock-neoforge-1.21.1-7.2.jar","netherwartblock","C4D7E6D1B44E775DADE13724782EEAF3B0765777E869FF6EC4C1CA92FFA6DE88","META-INF/neoforge.mods.toml","NeoForge/Forge TOML","HIGH","netherwartblock"
"nochatreports","No Chat Reports","1.21.1-v2.9.1","v2.9.1","NoChatReports-NEOFORGE-1.21.1-v2.9.1.jar","nochatreports","866AC9A47AFCD829BDB03890B5D8F80BB4C6F47332C64717B6E909BEE51337B6","META-INF/neoforge.mods.toml","NeoForge/Forge TOML","HIGH","nochatreports"
"notenoughanimations","NotEnoughAnimations","1.12.4","1.12.4","notenoughanimations-neoforge-1.12.4-mc1.21.1.jar","notenoughanimations","A8705202193813DE291195AD6BBD03101C4DDC1AB2878AADB018AB92F903999F","META-INF/neoforge.mods.toml","NeoForge/Forge TOML","HIGH","notenoughanimations"
"nullscape","Nullscape","1.2.14","v1.2.14","Nullscape_1.21.x_v1.2.14.jar","nullscape","8749C6FDDA659335E50116C18E012CDF8699B3789859C82559AF2C6F425C93AE","META-INF/neoforge.mods.toml","NeoForge/Forge TOML","HIGH","c;forge;minecraft;nullscape"
"observable","Observable","5.4.4","5.4.4","observable-5.4.4.jar","observable","F344B47B58F4FD48D1AA95EE4D5C16252B5E5BD39F829FABC96B27097202D2E5","META-INF/neoforge.mods.toml","NeoForge/Forge TOML","HIGH","observable"
"octolib","OctoLib","0.6.2","0.6.2","OctoLib-NEOFORGE-0.6.2+1.21.jar","octolib","92BA07D9D9E55A65421F3C3F203C72FE5149CB024D5277267E81D812E11A7F38","META-INF/neoforge.mods.toml","NeoForge/Forge TOML","HIGH","octolib"
"overlapless","Overlapless","1.21.1-1.2.0","1.2.0","overlapless-1.21.1-1.2.0.jar","overlapless","5BC9AF371C6A30F17844A0E5EB6B3E5D96F4D1F8A709DFB5C38B4A3F89DCBDFE","META-INF/neoforge.mods.toml","NeoForge/Forge TOML","HIGH",""
"owo","oωo","0.12.15.5-beta.1+1.21","0.12.15.5-beta.1","owo-lib-neoforge-0.12.15.5-beta.1+1.21.jar","owo","DE6ED336BD80154B7241A7B3276694BEFC1C94550ADD8BCDFE7F82E5172FD13D","META-INF/neoforge.mods.toml","NeoForge/Forge TOML","HIGH","owo"
"patchouli","Patchouli","1.21.1-93-NEOFORGE","93","Patchouli-1.21.1-93-NEOFORGE.jar","patchouli","959AF52ED6640C316C3A8469203420BE4AEEA11AD6603890BA83BF48F5D9F993","META-INF/neoforge.mods.toml","NeoForge/Forge TOML","HIGH","minecraft;patchouli"
"personality","Personality","5.0.2","5.0.2","personality-1.21.1-5.0.2.jar","personality","9C0FD81A32F60B8AF933816D06F2CF58D53CE6433221B820AB0B90DF686DF248","META-INF/neoforge.mods.toml","NeoForge/Forge TOML","HIGH","personality"
"perspatium","Stellaris: Per Spatium Et Tempus","1.21.1-1.1.0","1.1.0","perspatium-1.21.1-1.1.0.jar","perspatium","9831D9BFEE0A2BC5E3D6C550BBB7FA54EE3843976BB032ED1156781A67EA5C0B","META-INF/neoforge.mods.toml","NeoForge/Forge TOML","HIGH","perspatium"
"pipez","Pipez","1.21.1-1.2.31","1.2.31","pipez-neoforge-1.21.1-1.2.31.jar","pipez","9B37E922443EA3452DAEACBFBA4BCF69DE07692183C4EE09F1D1E82C9FC5CC5F","META-INF/neoforge.mods.toml","NeoForge/Forge TOML","HIGH","c;minecraft;pipez"
"pipezlagfix","PipezLagFix","1.1.0","1.1.0","pipezlagfix-1.21.1-1.1.0.jar","pipezlagfix","1D416BB28A6B6CBA1489A2DD3BEB77D329B1D797DB8EC239D81885E2EF277051","META-INF/neoforge.mods.toml","NeoForge/Forge TOML","HIGH","pipezlagfix"
"placebo","Placebo","9.9.2","9.9.2","Placebo-1.21.1-9.9.2.jar","placebo","1A844A5B081813B1EDB82656329E54D38389ED470F6A6516A5887F5303D7DAAD","META-INF/neoforge.mods.toml","NeoForge/Forge TOML","HIGH","minecraft;placebo"
"playeranimator","Player Animator","2.0.4+1.21.1","2.0.4","player-animation-lib-forge-2.0.4+1.21.1.jar","playeranimator","DBE5DE45F5CD60C0E5E47AF14E6D564534A98456E973CF670CB881F6938EEE92","META-INF/neoforge.mods.toml","NeoForge/Forge TOML","HIGH",""
"pneumaticcraft","PneumaticCraft: Repressurized","8.2.23","8.2.23","pneumaticcraft-repressurized-8.2.23+mc1.21.1.jar","pneumaticcraft","647CE20D52CF139F3B693B9B4C4753966A95A6DAFC82D9E538AE4AE5B0249F9C","META-INF/neoforge.mods.toml","NeoForge/Forge TOML","HIGH","c;carryon;curios;minecraft;neoforge;patchouli;pneumaticcraft"
"polyeng","Polymorphic Energistics","0.4.1","0.4.1","polyeng-0.4.1.jar","polyeng","69E565DC00ABC5881CCFF6801C8A0817F479EAF871D578AEFD992B9B6614A2F9","META-INF/neoforge.mods.toml","NeoForge/Forge TOML","HIGH","polyeng"
"polymorph","Polymorph","1.1.0+1.21.1","1.1.0","polymorph-neoforge-1.1.0+1.21.1.jar","polymorph","BEC8118978ADEB052DE9C4EAF9A595830621D82515A764F32F9C8A4DD52AB94B","META-INF/neoforge.mods.toml","NeoForge/Forge TOML","HIGH","polymorph"
"polymorphic_extended_crafting","Polymorphic Extended Crafting","1.0.4","1.0.4","polymorphic_extended_crafting-1.21.1-1.0.4.jar","polymorphic_extended_crafting","E6F228D956AC0A15FD73D1DCBDA01FE79EBA3CAC706B0B93A2D667EF1C00F178","META-INF/neoforge.mods.toml","NeoForge/Forge TOML","HIGH",""
"potentials","Potentials","0.7.1","0.7.1","potentials-neoforge-1.21-0.7.1.jar","potentials","B09AC57B03593B62E044B5E73536C369598F5181180050942F973210BFDF4CC7","META-INF/neoforge.mods.toml","NeoForge/Forge TOML","HIGH","potentials"
"powah","Powah","6.2.10","6.2.10","Powah-6.2.10.jar","powah","0E604A7356111C1DD44A00EA42FC1AA960D9FAEB978261349DF1138FCEE4D0B4","META-INF/neoforge.mods.toml","NeoForge/Forge TOML","HIGH","c;curios;lollipop;minecraft;powah"
"prefab","Prefab","1.0.9","1.0.9","prefab-neoforge-1.0.9.jar","prefab","1E69A176FE5123A045AB2A65A65B0947425AD65AB6A530018B026FF523227EE5","META-INF/neoforge.mods.toml","NeoForge/Forge TOML","HIGH","c;minecraft;prefab"
"prickle","PrickleMC","21.1.11","21.1.11","prickle-neoforge-1.21.1-21.1.11.jar","prickle","CCF46C442ED3C7FE41AD056F0940560829EC4DD88360985DFACD78F4614EB167","META-INF/neoforge.mods.toml","NeoForge/Forge TOML","HIGH",""
"puzzleslib","Puzzles Lib","21.1.52","v21.1.52","PuzzlesLib-v21.1.52-1.21.1-NeoForge.jar","puzzleslib","00069866C4C6BB67EE5192D1B425D46E6A1601DC598E61BD10B67BA5FA8B029C","META-INF/neoforge.mods.toml","NeoForge/Forge TOML","HIGH",""
"quark","Quark","4.1-482","4.1-482","Quark-4.1-482.jar","quark","0F69CE0D31CAA4F31E1FA4959541120121E27C652CD2D954839AF6B5162F0C70","META-INF/neoforge.mods.toml","NeoForge/Forge TOML","HIGH","c;emi;minecraft;neoforge;quark;zeta"
"railways","Create: Steam 'n' Rails 1.21.1","0.2.1+neoforge-mc1.21.1","0.2.1","railways-0.2.1+neoforge-mc1.21.1.jar","railways","B7636C8B1B0352ED1A130DFE67F8BB574E2FC08803ED1CDA4D3EA00505193914","META-INF/neoforge.mods.toml","NeoForge/Forge TOML","HIGH","biomesoplenty;blue_skies;byg;c;create;create_dd;emi;hexcasting;minecraft;natures_spirit;quark;railways;tfc;twilightforest"
"reeses_sodium_options","Reese's Sodium Options","2.2.3+mc1.21.1","2.2.3","reeses-sodium-options-neoforge-2.2.3+mc1.21.1.jar","reeses_sodium_options","25812F308A87C04686DE6AC9F24A8073101F81864F0EB9ABF348F95D73A6629E","META-INF/neoforge.mods.toml","NeoForge/Forge TOML","HIGH","reeses-sodium-options"
"refurbished_furniture","MrCrayfish's Furniture Mod: Refurbished","1.0.22","1.0.22","refurbished_furniture-neoforge-1.21.1-1.0.22.jar","refurbished_furniture","953A7840261EB79959769A97CAA60CBA2EE141700A4CBE208825268327136BDF","META-INF/neoforge.mods.toml","NeoForge/Forge TOML","HIGH","c;carryon;farmersdelight;minecraft;refurbished_furniture"
"relics","Relics","0.12.8","0.12.8","relics-1.21.1-0.12.8.jar","relics","DB6F436053FE717413389E55390A5F98103CCD91CCA5FE469E090BDFAEF70717","META-INF/neoforge.mods.toml","NeoForge/Forge TOML","HIGH","curios;minecraft;neoforge;relics;reliquified_artifacts"
"reliquified_ars_nouveau","Reliquified Ars Nouveau","0.8.1","0.8.1","reliquified_ars_nouveau-1.21.1-0.8.1.jar","reliquified_ars_nouveau","BDCB07F27293260E0D0E4D24DF782DA0310A6D383AAB2D84A02A2D105A078EAF","META-INF/neoforge.mods.toml","NeoForge/Forge TOML","HIGH","curios;relics;reliquified_ars_nouveau;reliquified_artifacts"
"reliquified_artifacts","reliquified_artifacts","1.0.7","1.0.7","reliquified_artifacts-1.21.1-1.0.7.jar","reliquified_artifacts","022DFB26FE03F27871C753714792BA1E888853F9675903718FBBA2D22D7C7732","META-INF/neoforge.mods.toml","NeoForge/Forge TOML","HIGH","artifacts;curios;relics;reliquified_artifacts"
"reliquified_irons_spells_and_spellbooks","Reliquified Iron's Spells 'n Spellbooks","0.2.7","0.2.7","reliquified_irons_spells_and_spellbooks-1.21.1-0.2.7.jar","reliquified_irons_spells_and_spellbooks","36F938EB757134DE24E51D33A745C4BF52088BE764688F330B74757316C40ED7","META-INF/neoforge.mods.toml","NeoForge/Forge TOML","HIGH","curios;relics;reliquified_artifacts;reliquified_irons_spells_and_spellbooks"
"replication","Replication","1.21.1-1.2.7","1.2.7","Replication-1.21.1-1.2.7.jar","replication","AAE49074D525099447F59CD3677C2CD3E2144A4BD0591181F33CE676C52BD14E","META-INF/neoforge.mods.toml","NeoForge/Forge TOML","HIGH","c;minecraft;replication"
"repurposed_structures","Repurposed Structures","7.5.21+1.21.1-neoforge","7.5.21","repurposed_structures-7.5.21+1.21.1-neoforge.jar","repurposed_structures","AEB473F0A0A0632CEA089377CDD9F66C42CF6F97557FD32C368AC40635285DD2","META-INF/neoforge.mods.toml","NeoForge/Forge TOML","HIGH","minecraft;neoforge;pneumaticcraft;repurposed_structures"
"repurposed_structures_farmers_delight_compat","Repurposed Structures - Farmer's Delight Compat","7","v7","repurposed_structures_farmers_delight_compat_v7.jar","repurposed_structures_farmers_delight_compat","32868DB0C8DBD116EC550347E3D402C7925C5C0C021CDE785F56D6F0E6BD95E3","META-INF/neoforge.mods.toml","NeoForge/Forge TOML","HIGH","farmersdelight;repurposed_structures"
"repurposed_structures_pneumaticcraft_repressurized_compat","Repurposed Structures - PneumaticCraft: Repressurized Compat","6","v6","repurposed_structures_pneumaticcraft_repressurized_compat_v6.jar","repurposed_structures_pneumaticcraft_repressurized_compat","50D86653E9DAB236459F91A622E655DF504B7D2DB0B98110D8D9D4D7D1BF27B3","META-INF/neoforge.mods.toml","NeoForge/Forge TOML","HIGH","pneumaticcraft"
"resource_nether_ores","Resource Nether Ores","1.21.1-2.5.0","2.5.0","resource_nether_ores-neoforge-1.21.1-2.5.0.jar","resource_nether_ores","E52B6963CBC21897C666C03E84FB3725956B9A2BD85EBADDF606233AFBF544DF","META-INF/neoforge.mods.toml","NeoForge/Forge TOML","HIGH","c;minecraft;resource_nether_ores"
"resourcefullib","Resourceful Lib","3.0.12","3.0.12","resourcefullib-neoforge-1.21-3.0.12.jar","resourcefullib","5E36F2C69DE008DC5795F730C84AB767688F15C810944B585485349A0C911261","META-INF/neoforge.mods.toml","NeoForge/Forge TOML","HIGH",""
"resourcelibrary","Resource Library","1.21.1-2.10.0","2.10.0","resourcelibrary-neoforge-1.21.1-2.10.0.jar","resourcelibrary","A6F76868D0A347BC461ABF3534A1FB8DBA00529BEE5ECECD7B2A2F52A3DF7866","META-INF/neoforge.mods.toml","NeoForge/Forge TOML","HIGH","resourcelibrary"
"rhino","Rhino","2101.2.7-build.85","2101.2.7-build.85","rhino-2101.2.7-build.85.jar","rhino","95DF92CE578B2504CB16D8C9FC285303BF062EB15452246A18E57B7CF091C19A","META-INF/neoforge.mods.toml","NeoForge/Forge TOML","HIGH",""
"routers","BBL Routers","1.1.7","1.1.7","routers-1.21.1-1.1.7.jar","routers","51586907E50A44735DC698C8D30D9B7455A8A44DE8FD66CFD5970BD186D165B3","META-INF/neoforge.mods.toml","NeoForge/Forge TOML","HIGH","c;minecraft;routers"
"searchables","Searchables","1.0.2","1.0.2","Searchables-neoforge-1.21.1-1.0.2.jar","searchables","CA193F0C69033D8F709F9E073A7C1EF4EA46714E5C2F94EB23ACE12781C6AA68","META-INF/neoforge.mods.toml","NeoForge/Forge TOML","HIGH","searchables"
"secretroomsmod","Secret Rooms: Reborn (1.21.1)","1.21-1.0.0",,"SecretRooms-1.21.1-Unofficial-20260702-beta-fixedrecipes.jar","secretroomsmod","3703B47096042F8FB1FA1E3831467793F419E628E6A9FEAC0E99A2C83F2479B1","META-INF/neoforge.mods.toml","NeoForge/Forge TOML","HIGH","secretroomsmod"
"securitycraft","SecurityCraft","1.10.2.1","v1.10.2.1","[1.21.1] SecurityCraft v1.10.2.1.jar","securitycraft","75AC9E73C60CAF58DF7069F167DBACC00A640E1418207DFF654F56A5FDB5F229","META-INF/neoforge.mods.toml","NeoForge/Forge TOML","HIGH","c;minecraft;neoforge;securitycraft"
"servercore","ServerCore","1.5.19+1.21.1","1.5.19","servercore-neoforge-1.5.19+1.21.1.jar","servercore","A5706AA0BB3A47C5F1ADAB44306685736688EC03414F60BEB4FCBE05B99F5A82","META-INF/neoforge.mods.toml","NeoForge/Forge TOML","HIGH",""
"sfm","Super Factory Manager (SFM)","4.34.0","4.34.0","Super Factory Manager (SFM)-MC1.21.1-4.34.0.jar","sfm","4B589E0B310133998F26F0C12C3EE8D367360BE1771E0E96C951322CEA6C7AD0","META-INF/neoforge.mods.toml","NeoForge/Forge TOML","HIGH","minecraft;sfm"
"sizeable_foliage","Sizeable Foliage","1.2.1","1.2.1","sizeable_foliage-neoforge-1.21.1-1.2.1.jar","sizeable_foliage","3844C5D3BF7C42A9122A836203051EEB2E0281DA3F61A100AB33BC49565901C1","META-INF/neoforge.mods.toml","NeoForge/Forge TOML","HIGH","sizeable_foliage"
"sliceanddice","Create Slice & Dice","4.3.3","4.3.3","sliceanddice-4.3.3-neoforge.jar","sliceanddice","F887F70D8A5892C0CFFB4FCAC59DD189C76AEF64E2F2D4771743CA8721D6EE48","META-INF/neoforge.mods.toml","NeoForge/Forge TOML","HIGH","c;create;minecraft;sliceanddice"
"smithingtemplateviewer","SmithingTemplateViewer","1.0.4","1.0.4","smithingtemplateviewer-1.0.4.jar","smithingtemplateviewer","AB08B7E4CEF635D095D244BAE3DFFA844B73748EFA68450637120F332FC63F9F","META-INF/neoforge.mods.toml","NeoForge/Forge TOML","HIGH","smithingtemplateviewer"
"smoothchunk","Smoothchunk mod","4.1","4.1","smoothchunk-1.21-4.1.jar","smoothchunk","A79F06EAFFE7E5B834620DA3C2CDAD782AEAF4F1F207D03F8B0228A20BAB65E3","META-INF/neoforge.mods.toml","NeoForge/Forge TOML","HIGH",""
"sodium","Sodium","0.8.12+mc1.21.1","0.8.12","sodium-neoforge-0.8.12+mc1.21.1.jar","sodium","2F9E69EC9521E657100EF83B3BDF3F18DBA6078D57F9853722D7643A577B2266","META-INF/neoforge.mods.toml","NeoForge/Forge TOML","HIGH",""
"solcarrot","Spice of Life: Carrot Edition","1.16.6","1.16.6","solcarrot-1.21.1-1.16.6.jar","solcarrot","AE3E73A08C8373FBEE639B2FEAF21C2E08CAF9E4A44F8DFA610F44A5143F2FD1","META-INF/neoforge.mods.toml","NeoForge/Forge TOML","HIGH","solcarrot"
"sophisticated_jei_index","Sophisticated JEI Index","1.2.0","1.2.0","sophisticated_jei_index-1.2.0+1.21.1.jar","sophisticated_jei_index","20FC985752D5CEEBD27FD7DA5FA77231469886829B7E69CDEA1D8DFF231A5532","META-INF/neoforge.mods.toml","NeoForge/Forge TOML","HIGH","sophisticated_jei_index;sophisticatedbackpacks"
"sophisticatedbackpacks","Sophisticated Backpacks","3.25.77","3.25.77.2074","sophisticatedbackpacks-1.21.1-3.25.77.2074.jar","sophisticatedbackpacks","5ABE4CF8A918546C23CE727AC5630A1A9D5EE6880807D27115A50D550C38A89D","META-INF/neoforge.mods.toml","NeoForge/Forge TOML","HIGH","accessories;carryon;curios;neoforge;sophisticatedbackpacks"
"sophisticatedbackpackscreateintegration","Sophisticated Backpacks Create Integration","0.1.8","0.1.8.134","sophisticatedbackpackscreateintegration-1.21.1-0.1.8.134.jar","sophisticatedbackpackscreateintegration","F396364BFB146D05C1C44D21431F357B68742699CF49E6F8815751DB129DC068","META-INF/neoforge.mods.toml","NeoForge/Forge TOML","HIGH",""
"sophisticatedcore","Sophisticated Core","1.4.86","1.4.86.2259","sophisticatedcore-1.21.1-1.4.86.2259.jar","sophisticatedcore","6A257EA90A0B854DC39FADC09B59708FF346754E05827414E6A4761973CFB777","META-INF/neoforge.mods.toml","NeoForge/Forge TOML","HIGH","c;sophisticatedcore"
"sophisticatedstorage","Sophisticated Storage","1.5.85","1.5.85.2077","sophisticatedstorage-1.21.1-1.5.85.2077.jar","sophisticatedstorage","44AB87F6607998CEEE0B798F713E0236F7BBC7D5B0599F491DE79856B63EA6B1","META-INF/neoforge.mods.toml","NeoForge/Forge TOML","HIGH","c;minecraft;sophisticatedstorage"
"sophisticatedstoragecreateintegration","Sophisticated Storage Create Integration","0.1.21","0.1.21.209","sophisticatedstoragecreateintegration-1.21.1-0.1.21.209.jar","sophisticatedstoragecreateintegration","0B8B13CD120D45525C4DF8B465ADF5D381B1ED4518B72A005A3B426C6C980D9B","META-INF/neoforge.mods.toml","NeoForge/Forge TOML","HIGH",""
"soulplied_energistics","Soulplied Energistics","1.0.3","1.0.3","soulplied_energistics-1.0.3.jar","soulplied_energistics","A28A2A088141817ED18A034A07DC36A9659119D8A2FBA0EA7D7EE6BDFE4A8699","META-INF/neoforge.mods.toml","NeoForge/Forge TOML","HIGH","soulplied_energistics"
"sound_physics_remastered","Sound Physics Remastered","1.21.1-1.5.1","1.5.1","sound-physics-remastered-neoforge-1.21.1-1.5.1.jar","sound_physics_remastered","65372AD64422A20F03AD6E39AABAA827C191ABBE9BE5C35631ACC3A8105FE177","META-INF/neoforge.mods.toml","NeoForge/Forge TOML","HIGH","sound_physics_remastered"
"spark","spark","1.10.124","1.10.124","spark-1.10.124-neoforge.jar","spark","647E8A81AFBE414DBA1DF4BA15FD06C5D32D4CB544E68828405E8E074C2E16DB","META-INF/neoforge.mods.toml","NeoForge/Forge TOML","HIGH",""
"stellaris","Stellaris","1.4.25","1.4.25","stellaris-1.21-neoforge-1.4.25.jar","stellaris","EF858A5718F1E1011944E830601B6049D4D66D87F6AA7EE66BA2D4981692EFDD","META-INF/neoforge.mods.toml","NeoForge/Forge TOML","HIGH","c;minecraft;stellaris"
"stellaris_extra","Stellaris Extra","1.2.21","1.2.21","NeoForge-StellarisExtra-1.2.21-1.21.1.jar","stellaris_extra","F9CA16C78972D5ECAE0F61FD3D13949FF1D5A255EF255553EF23487A98FAE39F","META-INF/neoforge.mods.toml","NeoForge/Forge TOML","HIGH","minecraft;stellaris;stellaris_extra"
"stellaris_mekanism_compat","Stellaris Mekanism Compatibility","1.0.0","1.0.0","stellaris-mekanism-compat-1.0.0.jar","stellaris_mekanism_compat","67D5DFB256F02DEEB446FD567A531174BF3FF780B60763810232F25A74C266BF","META-INF/neoforge.mods.toml","NeoForge/Forge TOML","HIGH",""
"supplementaries","Supplementaries","1.21.1-3.8.10","3.8.10","supplementaries-1.21.1-3.8.10-neoforge.jar","supplementaries","7CD7855E0EB5F8779BD9FF54C54B9D64630DC9C9C59E068CF90478729B47BD9D","META-INF/neoforge.mods.toml","NeoForge/Forge TOML","HIGH","amendments;c;create;curios;dynamictrees;farmersdelight;minecraft;neapolitan;neoforge;quark;sable;sereneseasons;supplementaries;trinkets;vslab_compat"
"synesthesia","Synesthesia: Sound Visualizer","1.1.0","1.1.0","synesthesia-1.21.1-NeoForge-1.1.0.jar","synesthesia","119647612681C4D1C6DC412667FB8668C93C5F21CED99BE5FD3E6EBE87DE4B41","META-INF/neoforge.mods.toml","NeoForge/Forge TOML","HIGH","synesthesia"
"tectonic","Tectonic","3.0.26","3.0.26-21.1","tectonic-3.0.26-neoforge-21.1.jar","tectonic","36AA9B4A8C399C9943460A7A58D91402B6D671C10AB11B099C2EE1D75AF232EA","META-INF/neoforge.mods.toml","NeoForge/Forge TOML","HIGH","tectonic"
"terminal_view_cell_fix","Terminal View Cell Fix","1.0.1","1.0.1","terminal_view_cell_fix-1.0.1.jar","terminal_view_cell_fix","9E55154443EF3EA52B155598DD6E9473DC99AFF8C5418D9EABB624D0D975106E","META-INF/neoforge.mods.toml","NeoForge/Forge TOML","HIGH","ae2;terminal_view_cell_fix"
"terrablender","TerraBlender","4.1.0.8","4.1.0.8","TerraBlender-neoforge-1.21.1-4.1.0.8.jar","terrablender","EDB34C388FE17EA88D0A7FD11174BBF8AE8F28A4C8CE886F1BF9A5CF0EBC36B8","META-INF/neoforge.mods.toml","NeoForge/Forge TOML","HIGH","terrablender"
"terralith","Terralith","2.6.2","v2.6.2","Terralith_1.21.x_v2.6.2.jar","terralith","D38BD304897731B42F6C013CDC07E082E74411E80C74AABCEE385251BEB3B546","META-INF/neoforge.mods.toml","NeoForge/Forge TOML","HIGH","biome_tag_villagers;c;minecraft;sereneseasons;terralith"
"tf_dnv","Twilight Forest - Dungeons & Villages","2.0.3","2.0.3","tf_dnv-2.0.3.jar","tf_dnv","D027006A18A6686752805CDC17D09763D7D30FDABDA963CE36B8F0A8F55A6E3D","META-INF/neoforge.mods.toml","NeoForge/Forge TOML","HIGH","minecraft;tf_dnv"
"tflostblocks","Twilight Forest: The Lost Blocks","1.21.1-1.5.0","1.5.0","TF_Lost_Blocks-1.21.1-1.5.0.jar","tflostblocks","5979798ECA9FCAC09290B2C2EB92EA779F876416877069A967A469D77D40D920","META-INF/neoforge.mods.toml","NeoForge/Forge TOML","HIGH","minecraft;tflostblocks;twilightforest"
"titanium","Titanium","4.0.43","4.0.43","titanium-1.21-4.0.43.jar","titanium","34C58645CC1E624EC976F6FD711B7D69DDEA76DE495354A19A594C1BC92DA6B0","META-INF/neoforge.mods.toml","NeoForge/Forge TOML","HIGH","titanium"
"toofast","Too Fast","0.4.3.6","0.4.3.6","toofast-1.21.0-0.4.3.6.jar","toofast","54852C9D395B4DC870D1C8A587E4FADE9FB05474540AE4D3DD196663DD6A6114","META-INF/neoforge.mods.toml","NeoForge/Forge TOML","HIGH",""
"trenzalore","Trenzalore","6.1.1","6.1.1","trenzalore-neo-6.1.1+mc1.21.1.jar","trenzalore","EA7212433480A2BB125091A15AFA1617761787C09028032EBAD436322F340E18","META-INF/neoforge.mods.toml","NeoForge/Forge TOML","HIGH","trenzalore"
"twilight_forest_final_boss","Twilight Forest Final Boss","2.1.0","2.1.0+4.7.3196","twilight_forest_final_boss-2.1.0+4.7.3196+1.21.1.jar","twilight_forest_final_boss","90FC522FA8C02CB73E34C247F9B7247BB9794CAE87D93667DF81CB1C6B7964B4","META-INF/neoforge.mods.toml","NeoForge/Forge TOML","HIGH","c;minecraft;randomium;twilight_forest_final_boss;twilightforest"
"twilight_lootr","Twilight Lootr","1.21.1-0.0.0.1","0.0.0.1","twilight_lootr-neoforge-1.21.1-0.0.0.1.jar","twilight_lootr","44197253302CED111765B2808779822BE417619FD28CC1A6E38B084D8B6C7398","META-INF/neoforge.mods.toml","NeoForge/Forge TOML","HIGH","lootr;minecraft;twilight_lootr"
"twilight_treehouses","Twilight Treehouses","1.0.2","1.0.2","TwilightTreehouses-1.0.2-1.21.1-neoforge.jar","twilight_treehouses","853454CE9A2E8922899FAFC8D18D7771160DE55CA9F0B8CB0A1D4C267197FF99","META-INF/neoforge.mods.toml","NeoForge/Forge TOML","HIGH","twilight_treehouses"
"twilightforest","The Twilight Forest","4.8.3345","4.8.3345","twilightforest-1.21.1-4.8.3345-universal.jar","twilightforest","493DA16D10210F9F53A3C33B3D8FCB4AE9B14016EE420D753C894562BD9ABA35","META-INF/neoforge.mods.toml","NeoForge/Forge TOML","HIGH","aether;alexscaves;ars_nouveau;artifacts;c;create;createaddition;curios;farmersdelight;forbidden_arcanus;immersiveengineering;minecraft;neoforge;randomium;twilightforest"
"txnilib","TxniLib","1.0.24","1.0.24","txnilib-neoforge-1.0.24-1.21.1.jar","txnilib","411E811A6A53A63C2716DBF71CD1167E3A98D000B884458759D6192720BE3E18","META-INF/neoforge.mods.toml","NeoForge/Forge TOML","HIGH","example_mod;txnilib"
"utilitarian","Utilitarian","1.21.1-0.19.2","0.19.2","utilitarian-1.21.1-0.19.2.jar","utilitarian","C7090EF1E7259339A22D49A97125E1514C186F4E0174834DA39DF6987720DB78","META-INF/neoforge.mods.toml","NeoForge/Forge TOML","HIGH","actuallyadditions;c;curios;minecraft;neoforge;utilitarian"
"watut","What Are They Up To","1.21.0-1.2.7","1.2.7","watut-neoforge-1.21.0-1.2.7.jar","watut","B1AAC4B9832E16439EE86F27814F7B6A42F2F6BEA0EA6949DFFFFFCD0599D88C","META-INF/neoforge.mods.toml","NeoForge/Forge TOML","HIGH","minecraft;watut"
"waystones","Waystones","21.1.40","21.1.40","waystones-neoforge-1.21.1-21.1.40.jar","waystones","3D5D0E9FC2715DA8EAB9FEE5BA56E6B900E1F2E9C68586ED19762CB3A01B1781","META-INF/neoforge.mods.toml","NeoForge/Forge TOML","HIGH","c;minecraft;waystones"
"wdaquestline","FTB Quest for When Dungeons Arise","1.0.0","1.0.0","wda_questline-1.21.1-1.0.0.jar","wdaquestline","4E3A954DEF09701B06B0C7A5D0683F4382CA815D836F197F7AC2F95E88501F3B","META-INF/neoforge.mods.toml","NeoForge/Forge TOML","HIGH","questinstaller;wda_questline"
"wits","Wits","1.3.1","1.3.1","wits-neoforge-1.3.1.jar","wits","1AC1297DF094F4019589093F5A4A5E1DDBEF2BDAF494A7C83AA049ED225E0698","META-INF/neoforge.mods.toml","NeoForge/Forge TOML","HIGH","wits"
"xaerominimap","Xaero's Minimap","26.4.2","26.4.2","xaerominimap-neoforge-1.21.1-26.4.2.jar","xaerominimap","B722BCF794288F0ED51165CD1F057FC4505E20ABBC723B2E17E900426E443603","META-INF/neoforge.mods.toml","NeoForge/Forge TOML","HIGH","xaerobetterpvp;xaerominimap"
"xaeroworldmap","Xaero's World Map","1.44.2","1.44.2","xaeroworldmap-neoforge-1.21.1-1.44.2.jar","xaeroworldmap","2C4089C2F9132B85749A18920D6E2098744F61FE98854FCFF2E3768F2D7269FA","META-INF/neoforge.mods.toml","NeoForge/Forge TOML","HIGH","xaeroworldmap"
"xycraft_core","XyCraft Core","0.7.53","0.7.53","xycraft_core-0.7.53-all.jar","xycraft_core","0AE977880A244157C79FEA6FAD10B6CEF788CF65F8FEFA62809665A155AED256","META-INF/neoforge.mods.toml","NeoForge/Forge TOML","HIGH","c;minecraft;xycraft;xycraft_core"
"xycraft_machines","XyCraft Machines","0.7.53","0.7.53","xycraft_machines-0.7.53.jar","xycraft_machines","51E82887CF9B09654E3E34B230E8FF5532DB624A9DD1F5C7DFA01C4841B7FFEF","META-INF/neoforge.mods.toml","NeoForge/Forge TOML","HIGH","ae2;c;create;minecraft;neoforge;xycraft;xycraft_machines"
"xycraft_world","XyCraft World","0.7.53","0.7.53","xycraft_world-0.7.53.jar","xycraft_world","B62397BB7D8CADF5BF34B4B57B45AC1FAB055F5CF4E3F13559746508FC856606","META-INF/neoforge.mods.toml","NeoForge/Forge TOML","HIGH","ae2;c;create;mekanism;minecraft;neoforge;xycraft;xycraft_world"
"yet_another_config_lib_v3","YetAnotherConfigLib","3.8.2+1.21.1-neoforge","3.8.2","yet_another_config_lib_v3-3.8.2+1.21.1-neoforge.jar","yet_another_config_lib_v3","B5C30321B46CFAA521645A04AFF89D2804D8167A25BB23AD4B1AE8DA73093A2F","META-INF/neoforge.mods.toml","NeoForge/Forge TOML","HIGH","yet_another_config_lib_v3"
"yungsapi","YUNG's API","1.21.1-NeoForge-5.1.6","5.1.6","YungsApi-1.21.1-NeoForge-5.1.6.jar","yungsapi","08E1D21690D3213A4C62DE6B6CF79F3527AFB2E72E0CAD0E1848D46EB8F682CA","META-INF/neoforge.mods.toml","NeoForge/Forge TOML","HIGH","yungsapi"
"yungsbridges","YUNG's Bridges","1.21.1-NeoForge-5.1.1","5.1.1","YungsBridges-1.21.1-NeoForge-5.1.1.jar","yungsbridges","BF93A85422A6B457358C3B56352641A97EC09CC37DEC18B2CEDCAC2BD1FF9BEC","META-INF/neoforge.mods.toml","NeoForge/Forge TOML","HIGH","yungsbridges"
"yungscavebiomes","YUNG's Cave Biomes","1.21.1-NeoForge-3.1.1","3.1.1","YungsCaveBiomes-1.21.1-NeoForge-3.1.1.jar","yungscavebiomes","7585587E5CB7859E26189C6EC0A5B829C5C228F095E4E843FA3ADD61F817DD20","META-INF/neoforge.mods.toml","NeoForge/Forge TOML","HIGH","c;forge;minecraft;travelerstitles;yungscavebiomes"
"yungsextras","YUNG's Extras","1.21.1-NeoForge-5.1.1","5.1.1","YungsExtras-1.21.1-NeoForge-5.1.1.jar","yungsextras","0CD26474E514F5DC3114AAF5EC7E049BCD285F0C5DB191BB45223193F35DF70D","META-INF/neoforge.mods.toml","NeoForge/Forge TOML","HIGH","yungsextras"
"zerocore","Zero CORE 2","1.21.1-2.4.21","2.4.21","ZeroCore2-1.21.1-2.4.21.jar","zerocore","54AC755031B05C3A5B6DDFA22DABC45FB3775481041503DCECD75E5E86627779","META-INF/neoforge.mods.toml","NeoForge/Forge TOML","HIGH","zerocore"
"zeta","Zeta","1.1-40","1.1-40","Zeta-1.1-40.jar","zeta","4F17D1A2B9FD6D18DDB7697AA451DB7FB154053B8648F79DE279AE0D7E68A2FA","META-INF/neoforge.mods.toml","NeoForge/Forge TOML","HIGH","zeta"
"zfastnoise","Fast Noise Mod","1.0.13+1.21.1+neoforge","1.0.13","zfastnoise-1.0.13+1.21.1+neoforge.jar","zfastnoise","36EE58475C46C56E76C199EEBE48DC95AACAA1133512617DCC46053339C2FB5D","META-INF/neoforge.mods.toml","NeoForge/Forge TOML","HIGH","zfastnoise"
"zume","Zume","1.2.2","1.2.2","zume-1.2.2.jar","zume","C33B99E8976DFEB0AEB1AFCC2AD8E65C7310532AE5CCC38C75317D672DC95E6F","META-INF/neoforge.mods.toml","NeoForge/Forge TOML","HIGH","zume"
